Statistic,Name,Team,#,Top 25,year,table_name,East,Team [Click for roster],Wins,Losses,Ties,WP,GB,Payroll,Team | Roster,W,L,T
Base on Balls,Jose Bautista,Toronto,110,Top 25,2015,2015 American League Player Review,,,,,,,,,,,,
Batting Average,Miguel Cabrera,Detroit,.338,Top 25,2015,2015 American League Player Review,,,,,,,,,,,,
Doubles,Michael Brantley,Cleveland,45,Top 25,2015,2015 American League Player Review,,,,,,,,,,,,
Hits,Jose Altuve,Houston,200,Top 25,2015,2015 American League Player Review,,,,,,,,,,,,
Home Runs,Chris Davis,Baltimore,47,Top 25,2015,2015 American League Player Review,,,,,,,,,,,,
On Base Percentage,Miguel Cabrera,Detroit,.440,Top 25,2015,2015 American League Player Review,,,,,,,,,,,,
RBI,Josh Donaldson,Toronto,123,Top 25,2015,2015 American League Player Review,,,,,,,,,,,,
Runs,Josh Donaldson,Toronto,122,Top 25,2015,2015 American League Player Review,,,,,,,,,,,,
Slugging Average,Mike Trout,Los Angeles,.590,Top 25,2015,2015 American League Player Review,,,,,,,,,,,,
Stolen Bases,Jose Altuve,Houston,38,Top 25,2015,2015 American League Player Review,,,,,,,,,,,,
Total Bases,Josh Donaldson,Toronto,352,Top 25,2015,2015 American League Player Review,,,,,,,,,,,,
Triples,Eddie Rosario,Minnesota,15,Top 25,2015,2015 American League Player Review,,,,,,,,,,,,
Statistic,Name,Team,#,Top 25,2015,2015 American League Player Review,,,,,,,,,,,,
Complete Games,Mark Buehrle,Toronto,4,Top 25,2015,2015 American League Pitcher Review,,,,,,,,,,,,
Corey Kluber,Cleveland,,,,2015,2015 American League Pitcher Review,,,,,,,,,,,,
ERA,David Price,Detroit / Toronto,2.45,Top 25,2015,2015 American League Pitcher Review,,,,,,,,,,,,
Games,Kevin Jepsen,Tampa Bay / Minnesota,75,Top 25,2015,2015 American League Pitcher Review,,,,,,,,,,,,
Saves,Brad Boxberger,Tampa Bay,41,Top 25,2015,2015 American League Pitcher Review,,,,,,,,,,,,
Shutouts,Sonny Gray,Oakland,2,Top 25,2015,2015 American League Pitcher Review,,,,,,,,,,,,
Felix Hernandez,Seattle,,,,2015,2015 American League Pitcher Review,,,,,,,,,,,,
Dallas Keuchel,Houston,,,,2015,2015 American League Pitcher Review,,,,,,,,,,,,
Mike Montgomery,Seattle,,,,2015,2015 American League Pitcher Review,,,,,,,,,,,,
Jeff Samardzija,Chicago,,,,2015,2015 American League Pitcher Review,,,,,,,,,,,,
Strikeouts,Chris Sale,Chicago,274,Top 25,2015,2015 American League Pitcher Review,,,,,,,,,,,,
Winning Percentage,David Price,Detroit / Toronto,.783,Top 25,2015,2015 American League Pitcher Review,,,,,,,,,,,,
Wins,Dallas Keuchel,Houston,20,Top 25,2015,2015 American League Pitcher Review,,,,,,,,,,,,
Statistic,Name,Team,#,Top 25,2015,2015 American League Pitcher Review,,,,,,,,,,,,
,,,,,2015,2015 American League,Toronto Blue Jays,93,69,0,.574,--,,,,,,
,,,,,2015,2015 American League,New York Yankees,87,75,0,.537,6,,,,,,
,,,,,2015,2015 American League,Baltimore Orioles,81,81,0,.500,12,,,,,,
,,,,,2015,2015 American League,Tampa Bay Rays,80,82,0,.494,13,,,,,,
,,,,,2015,2015 American League,Boston Red Sox,78,84,0,.481,15,,,,,,
,,,,,2015,2015 American League,Central,Team [Click for roster],Wins,Losses,Ties,WP,GB,,,,,
,,,,,2015,2015 American League,Kansas City Royals,95,67,0,.586,--,,,,,,
,,,,,2015,2015 American League,Minnesota Twins,83,79,0,.512,12,,,,,,
,,,,,2015,2015 American League,Cleveland Indians,81,80,0,.503,13½,,,,,,
,,,,,2015,2015 American League,Chicago White Sox,76,86,0,.469,19,,,,,,
,,,,,2015,2015 American League,Detroit Tigers,74,87,0,.460,20½,,,,,,
,,,,,2015,2015 American League,West,Team [Click for roster],Wins,Losses,Ties,WP,GB,,,,,
,,,,,2015,2015 American League,Texas Rangers,88,74,0,.543,--,,,,,,
,,,,,2015,2015 American League,Houston Astros,86,76,0,.531,2,,,,,,
,,,,,2015,2015 American League,Los Angeles Angels,85,77,0,.525,3,,,,,,
,,,,,2015,2015 American League,Seattle Mariners,76,86,0,.469,12,,,,,,
,,,,,2015,2015 American League,Oakland Athletics,68,94,0,.420,20,,,,,,
,,,,,2015,2015 American League,2015 American League Final Standings,,,,,,,,,,,
,,,,,2015,2015 American League,"Seasonal Events: All-Star Game | Home Run Derby | World Series
Navigation: Year in Review Menu | Previous Season | Next Season
Miscellaneous: N.L. Leaderboard | Rookies List",,,,,,,,,,,
Base on Balls,Mike Trout,Los Angeles,116,Top 25,2016,2016 American League Player Review,,,,,,,,,,,,
Batting Average,Jose Altuve,Houston,.338,Top 25,2016,2016 American League Player Review,,,,,,,,,,,,
Doubles,David Ortiz,Boston,48,Top 25,2016,2016 American League Player Review,,,,,,,,,,,,
Hits,Jose Altuve,Houston,216,Top 25,2016,2016 American League Player Review,,,,,,,,,,,,
Home Runs,Mark Trumbo,Baltimore,47,Top 25,2016,2016 American League Player Review,,,,,,,,,,,,
On Base Percentage,Mike Trout,Los Angeles,.441,Top 25,2016,2016 American League Player Review,,,,,,,,,,,,
RBI,Edwin Encarnacion,Toronto,127,Top 25,2016,2016 American League Player Review,,,,,,,,,,,,
David Ortiz,Boston,,,,2016,2016 American League Player Review,,,,,,,,,,,,
Runs,Mike Trout,Los Angeles,123,Top 25,2016,2016 American League Player Review,,,,,,,,,,,,
Slugging Average,David Ortiz,Boston,.620,Top 25,2016,2016 American League Player Review,,,,,,,,,,,,
Stolen Bases,Rajai Davis,Cleveland,43,Top 25,2016,2016 American League Player Review,,,,,,,,,,,,
Total Bases,Mookie Betts,Boston,359,Top 25,2016,2016 American League Player Review,,,,,,,,,,,,
Triples,Adam Eaton,Chicago,9,Top 25,2016,2016 American League Player Review,,,,,,,,,,,,
Statistic,Name,Team,#,Top 25,2016,2016 American League Player Review,,,,,,,,,,,,
Complete Games,Chris Sale,Chicago,6,Top 25,2016,2016 American League Pitcher Review,,,,,,,,,,,,
ERA,Aaron Sanchez,Toronto,3.00,Top 25,2016,2016 American League Pitcher Review,,,,,,,,,,,,
Games,Bryan Shaw,Cleveland,75,Top 25,2016,2016 American League Pitcher Review,,,,,,,,,,,,
Saves,Zach Britton,Baltimore,47,Top 25,2016,2016 American League Pitcher Review,,,,,,,,,,,,
Shutouts,Corey Kluber,Cleveland,2,Top 25,2016,2016 American League Pitcher Review,,,,,,,,,,,,
Strikeouts,Justin Verlander,Detroit,254,Top 25,2016,2016 American League Pitcher Review,,,,,,,,,,,,
Winning Percentage,Aaron Sanchez,Toronto,.882,Top 25,2016,2016 American League Pitcher Review,,,,,,,,,,,,
Wins,Rick Porcello,Boston,22,Top 25,2016,2016 American League Pitcher Review,,,,,,,,,,,,
Statistic,Name,Team,#,Top 25,2016,2016 American League Pitcher Review,,,,,,,,,,,,
,,,,,2016,2016 American League,Boston Red Sox,93,69,0,.574,--,$,,,,,
,,,,,2016,2016 American League,Baltimore Orioles,89,73,0,.549,4,$,,,,,
,,,,,2016,2016 American League,Toronto Blue Jays,89,73,0,.549,4,$,,,,,
,,,,,2016,2016 American League,New York Yankees,84,78,0,.519,9,$,,,,,
,,,,,2016,2016 American League,Tampa Bay Rays,68,94,0,.420,25,$,,,,,
,,,,,2016,2016 American League,Central,Team [Click for roster],Wins,Losses,Ties,WP,GB,Payroll,,,,
,,,,,2016,2016 American League,Cleveland Indians,94,67,0,.584,--,$,,,,,
,,,,,2016,2016 American League,Detroit Tigers,86,75,0,.534,8,$,,,,,
,,,,,2016,2016 American League,Kansas City Royals,81,81,0,.500,13.5,$,,,,,
,,,,,2016,2016 American League,Chicago White Sox,78,84,0,.481,16.5,$,,,,,
,,,,,2016,2016 American League,Minnesota Twins,59,103,0,.364,35.5,$,,,,,
,,,,,2016,2016 American League,West,Team [Click for roster],Wins,Losses,Ties,WP,GB,Payroll,,,,
,,,,,2016,2016 American League,Texas Rangers,95,67,0,.586,--,$,,,,,
,,,,,2016,2016 American League,Seattle Mariners,86,76,0,.531,9,$,,,,,
,,,,,2016,2016 American League,Houston Astros,84,78,0,.519,11,$,,,,,
,,,,,2016,2016 American League,Los Angeles Angels,74,88,0,.457,21,$,,,,,
,,,,,2016,2016 American League,Oakland Athletics,69,93,0,.426,26,$,,,,,
,,,,,2016,2016 American League,2016 American League Final Standings,,,,,,,,,,,
,,,,,2016,2016 American League,"Seasonal Events: All-Star Game | Home Run Derby | World Series
Navigation: Year in Review Menu | Previous Season | Next Season
Miscellaneous: N.L. Leaderboard | Rookies List",,,,,,,,,,,
Base on Balls,Aaron Judge,New York Yankees,127,Top 25,2017,2017 American League Player Review,,,,,,,,,,,,
Batting Average,Jose Altuve,Houston Astros,.346,Top 25,2017,2017 American League Player Review,,,,,,,,,,,,
Doubles,Jose Ramirez,Cleveland Indians,56,Top 25,2017,2017 American League Player Review,,,,,,,,,,,,
Hits,Jose Altuve,Houston Astros,204,Top 25,2017,2017 American League Player Review,,,,,,,,,,,,
Home Runs,Aaron Judge,New York Yankees,52,Top 25,2017,2017 American League Player Review,,,,,,,,,,,,
On Base Percentage,Mike Trout,Los Angeles Angels,.442,Top 25,2017,2017 American League Player Review,,,,,,,,,,,,
RBI,Nelson Cruz,Seattle Mariners,119,Top 25,2017,2017 American League Player Review,,,,,,,,,,,,
Runs,Aaron Judge,New York Yankees,128,Top 25,2017,2017 American League Player Review,,,,,,,,,,,,
Slugging Average,Mike Trout,Los Angeles Angels,.629,Top 25,2017,2017 American League Player Review,,,,,,,,,,,,
Stolen Bases,Whit Merrifield,Kansas City Royals,34,Top 25,2017,2017 American League Player Review,,,,,,,,,,,,
Total Bases,Jose Abreu,Chicago White Sox,343,Top 25,2017,2017 American League Player Review,,,,,,,,,,,,
Triples,Nick Castellanos,Detroit Tigers,10,Top 25,2017,2017 American League Player Review,,,,,,,,,,,,
Statistic,Name,Team,#,Top 25,2017,2017 American League Player Review,,,,,,,,,,,,
2017 A.L. History | 2017 N.L. History | Year-by-Year History,,,,,2017,2017 American League Player Review,,,,,,,,,,,,
Complete Games,Corey Kluber,Cleveland Indians,5,Top 25,2017,2017 American League Pitcher Review,,,,,,,,,,,,
Ervin Santana,Minnesota Twins,5,,,2017,2017 American League Pitcher Review,,,,,,,,,,,,
ERA,Corey Kluber,Cleveland Indians,2.25,Top 25,2017,2017 American League Pitcher Review,,,,,,,,,,,,
Games,Bryan Shaw,Cleveland Indians,79,Top 25,2017,2017 American League Pitcher Review,,,,,,,,,,,,
Saves,Alex Colome,Tampa Bay Rays,46,Top 25,2017,2017 American League Pitcher Review,,,,,,,,,,,,
Shutouts,Corey Kluber,Cleveland Indians,3,Top 25,2017,2017 American League Pitcher Review,,,,,,,,,,,,
Ervin Santana,Minnesota Twins,3,,,2017,2017 American League Pitcher Review,,,,,,,,,,,,
Strikeouts,Chris Sale,Boston Red Sox,308,Top 25,2017,2017 American League Pitcher Review,,,,,,,,,,,,
Winning Percentage,Corey Kluber,Cleveland Indians,.818,Top 25,2017,2017 American League Pitcher Review,,,,,,,,,,,,
Wins,Carlos Carrasco,Cleveland Indians,18,Top 25,2017,2017 American League Pitcher Review,,,,,,,,,,,,
Corey Kluber,Cleveland Indians,18,,,2017,2017 American League Pitcher Review,,,,,,,,,,,,
Jason Vargas,Kansas City Royals,18,,,2017,2017 American League Pitcher Review,,,,,,,,,,,,
Statistic,Name,Team,#,Top 25,2017,2017 American League Pitcher Review,,,,,,,,,,,,
2017 A.L. History | 2017 N.L. History | Year-by-Year History,,,,,2017,2017 American League Pitcher Review,,,,,,,,,,,,
,,,,,2017,2017 American League Team Standings,Boston Red Sox,,69,0,.574,--,,,93,,,
,,,,,2017,2017 American League Team Standings,New York Yankees,,71,0,.562,2.0,,,91,,,
,,,,,2017,2017 American League Team Standings,Tampa Bay Rays,,82,0,.494,13.0,,,80,,,
,,,,,2017,2017 American League Team Standings,Toronto Blue Jays,,86,0,.469,17.0,,,76,,,
,,,,,2017,2017 American League Team Standings,Baltimore Orioles,,87,0,.463,18.0,,,75,,,
,,,,,2017,2017 American League Team Standings,Central,,Wins,Losses,Ties,WP,GB,,Team | Roster,,,
,,,,,2017,2017 American League Team Standings,Cleveland Indians,,60,0,.630,--,,,102,,,
,,,,,2017,2017 American League Team Standings,Minnesota Twins,,77,0,.525,17.0,,,85,,,
,,,,,2017,2017 American League Team Standings,Kansas City Royals,,82,0,.494,22.0,,,80,,,
,,,,,2017,2017 American League Team Standings,Chicago White Sox,,95,0,.414,35.0,,,67,,,
,,,,,2017,2017 American League Team Standings,Detroit Tigers,,98,0,.395,38.0,,,64,,,
,,,,,2017,2017 American League Team Standings,West,,Wins,Losses,Ties,WP,GB,,Team | Roster,,,
,,,,,2017,2017 American League Team Standings,Houston Astros,,61,0,.623,--,,,101,,,
,,,,,2017,2017 American League Team Standings,Los Angeles Angels,,82,0,.494,21.0,,,80,,,
,,,,,2017,2017 American League Team Standings,Seattle Mariners,,84,0,.481,23.0,,,78,,,
,,,,,2017,2017 American League Team Standings,Texas Rangers,,84,0,.481,23.0,,,78,,,
,,,,,2017,2017 American League Team Standings,Oakland Athletics,,87,0,.463,26.0,,,75,,,
,,,,,2017,2017 American League Team Standings,A.L.,,Wins,Losses,Ties,WP,GB,,Team | Roster,,,
,,,,,2017,2017 American League Team Standings,2017 American League Final Standings,,,,,,,,,,,
Base on Balls,Mike Trout,Los Angeles Angels,122,Top 25,2018,2018 American League Player Review,,,,,,,,,,,,
Batting Average,Mookie Betts,Boston Red Sox,.346,Top 25,2018,2018 American League Player Review,,,,,,,,,,,,
Doubles,Alex Bregman,Houston Astros,50,Top 25,2018,2018 American League Player Review,,,,,,,,,,,,
Hits,Whit Merrifield,Kansas City Royals,192,Top 25,2018,2018 American League Player Review,,,,,,,,,,,,
Home Runs,Khris Davis,Oakland Athletics,48,Top 25,2018,2018 American League Player Review,,,,,,,,,,,,
On Base Percentage,Mike Trout,Los Angeles Angels,.460,Top 25,2018,2018 American League Player Review,,,,,,,,,,,,
RBI,J.D. Martinez,Boston Red Sox,130,Top 25,2018,2018 American League Player Review,,,,,,,,,,,,
Runs,Mookie Betts,Boston Red Sox,129,Top 25,2018,2018 American League Player Review,,,,,,,,,,,,
Slugging Average,Mookie Betts,Boston Red Sox,.640,Top 25,2018,2018 American League Player Review,,,,,,,,,,,,
Stolen Bases,Whit Merrifield,Kansas City Royals,45,Top 25,2018,2018 American League Player Review,,,,,,,,,,,,
Total Bases,J.D. Martinez,Boston Red Sox,358,Top 25,2018,2018 American League Player Review,,,,,,,,,,,,
Triples,Yolmer Sanchez,Chicago White Sox,10,Top 25,2018,2018 American League Player Review,,,,,,,,,,,,
Mallex Smith,Tampa Bay Rays,10,,,2018,2018 American League Player Review,,,,,,,,,,,,
Statistic,Name,Team,#,Top 25,2018,2018 American League Player Review,,,,,,,,,,,,
2018 A.L. History | 2018 N.L. History | Year-by-Year History,,,,,2018,2018 American League Player Review,,,,,,,,,,,,
Complete Games,Jose Berrios,Minnesota Twins,2,Top 25,2018,2018 American League Pitcher Review,,,,,,,,,,,,
Carlos Carrasco,Cleveland Indians,2,,,2018,2018 American League Pitcher Review,,,,,,,,,,,,
Corey Kluber,Cleveland Indians,2,,,2018,2018 American League Pitcher Review,,,,,,,,,,,,
James Paxton,Seattle Mariners,2,,,2018,2018 American League Pitcher Review,,,,,,,,,,,,
ERA,Blake Snell,Tampa Bay Rays,1.89,Top 25,2018,2018 American League Pitcher Review,,,,,,,,,,,,
Games,Ryan Pressly,Minnesota Twins,77,Top 25,2018,2018 American League Pitcher Review,,,,,,,,,,,,
Houston Astros,,,,,2018,2018 American League Pitcher Review,,,,,,,,,,,,
Saves,Edwin Diaz,Seattle Mariners,57,Top 25,2018,2018 American League Pitcher Review,,,,,,,,,,,,
Shutouts,Jose Berrios,Minnesota Twins,1,Top 25,2018,2018 American League Pitcher Review,,,,,,,,,,,,
Mike Clevinger,Cleveland Indians,1,,,2018,2018 American League Pitcher Review,,,,,,,,,,,,
Gerrit Cole,Houston Astros,1,,,2018,2018 American League Pitcher Review,,,,,,,,,,,,
Andrew Heaney,Los Angeles Angels,1,,,2018,2018 American League Pitcher Review,,,,,,,,,,,,
Corey Kluber,Cleveland Indians,1,,,2018,2018 American League Pitcher Review,,,,,,,,,,,,
Sean Manaea,Oakland Athletics,1,,,2018,2018 American League Pitcher Review,,,,,,,,,,,,
Daniel Mengden,Oakland Athletics,1,,,2018,2018 American League Pitcher Review,,,,,,,,,,,,
James Paxton,Seattle Mariners,1,,,2018,2018 American League Pitcher Review,,,,,,,,,,,,
Luis Severino,New York Yankees,1,,,2018,2018 American League Pitcher Review,,,,,,,,,,,,
Masahiro Tanaka,New York Yankees,1,,,2018,2018 American League Pitcher Review,,,,,,,,,,,,
Justin Verlander,Houston Astros,1,,,2018,2018 American League Pitcher Review,,,,,,,,,,,,
Strikeouts,Justin Verlander,Houston Astros,290,Top 25,2018,2018 American League Pitcher Review,,,,,,,,,,,,
Winning Percentage,Charlie Morton,Houston Astros,.833,Top 25,2018,2018 American League Pitcher Review,,,,,,,,,,,,
Wins,Blake Snell,Tampa Bay Rays,21,Top 25,2018,2018 American League Pitcher Review,,,,,,,,,,,,
Statistic,Name,Team,#,Top 25,2018,2018 American League Pitcher Review,,,,,,,,,,,,
2018 A.L. History | 2018 N.L. History | Year-by-Year History,,,,,2018,2018 American League Pitcher Review,,,,,,,,,,,,
,,,,,2018,2018 American League Team Standings,Boston Red Sox,,54,0,.667,--,"$206,247,686",,108,,,
,,,,,2018,2018 American League Team Standings,New York Yankees,,62,0,.617,8.0,"$161,305,917",,100,,,
,,,,,2018,2018 American League Team Standings,Tampa Bay Rays,,72,0,.556,18.0,"$69,605,999",,90,,,
,,,,,2018,2018 American League Team Standings,Toronto Blue Jays,,89,0,.451,35.0,"$164,122,200",,73,,,
,,,,,2018,2018 American League Team Standings,Baltimore Orioles,,115,0,.290,61.0,"$148,160,873",,47,,,
,,,,,2018,2018 American League Team Standings,Central,,Wins,Losses,Ties,WP,GB,Payroll,Team | Roster,,,
,,,,,2018,2018 American League Team Standings,Cleveland Indians,,71,0,.562,--,"$136,652,167",,91,,,
,,,,,2018,2018 American League Team Standings,Minnesota Twins,,84,0,.481,13.0,"$129,560,000",,78,,,
,,,,,2018,2018 American League Team Standings,Detroit Tigers,,98,0,.395,27.0,"$111,286,000",,64,,,
,,,,,2018,2018 American League Team Standings,Chicago White Sox,,100,0,.383,29.0,"$86,050,333",,62,,,
,,,,,2018,2018 American League Team Standings,Kansas City Royals,,104,0,.358,33.0,"$115,483,116",,58,,,
,,,,,2018,2018 American League Team Standings,West,,Wins,Losses,Ties,WP,GB,Payroll,Team | Roster,,,
,,,,,2018,2018 American League Team Standings,Houston Astros,,59,0,.636,--,"$172,038,900",,103,,,
,,,,,2018,2018 American League Team Standings,Oakland Athletics,,65,0,.599,6.0,"$62,652,500",,97,,,
,,,,,2018,2018 American League Team Standings,Seattle Mariners,,73,0,.549,14.0,"$165,303,943",,89,,,
,,,,,2018,2018 American League Team Standings,Los Angeles Angels,,82,0,.494,23.0,"$171,248,332",,80,,,
,,,,,2018,2018 American League Team Standings,Texas Rangers,,95,0,.414,36.0,"$128,821,249",,67,,,
,,,,,2018,2018 American League Team Standings,A.L.,,Wins,Losses,Ties,WP,GB,Payroll,Team | Roster,,,
,,,,,2018,2018 American League Team Standings,2018 American League Final Standings,,,,,,,,,,,
Base on Balls,Alex Bregman,Houston Astros,119,Top 25,2019,2019 American League Player Review,,,,,,,,,,,,
Batting Average,Tim Anderson,Chicago White Sox,.335,Top 25,2019,2019 American League Player Review,,,,,,,,,,,,
Doubles,Rafael Devers,Boston Red Sox,54,Top 25,2019,2019 American League Player Review,,,,,,,,,,,,
Hits,Whit Merrifield,Kansas City Royals,206,Top 25,2019,2019 American League Player Review,,,,,,,,,,,,
Home Runs,Jorge Soler,Kansas City Royals,48,Top 25,2019,2019 American League Player Review,,,,,,,,,,,,
On Base Percentage,Mike Trout,Los Angeles Angels,.438,Top 25,2019,2019 American League Player Review,,,,,,,,,,,,
RBI,Jose Abreu,Chicago White Sox,123,Top 25,2019,2019 American League Player Review,,,,,,,,,,,,
Runs,Mookie Betts,Boston Red Sox,135,Top 25,2019,2019 American League Player Review,,,,,,,,,,,,
Slugging Average,Mike Trout,Los Angeles Angels,.645,Top 25,2019,2019 American League Player Review,,,,,,,,,,,,
Stolen Bases,Mallex Smith,Tampa Bay Rays,46,Top 25,2019,2019 American League Player Review,,,,,,,,,,,,
Total Bases,Rafael Devers,Boston Red Sox,359,Top 25,2019,2019 American League Player Review,,,,,,,,,,,,
Triples,Hunter Dozier,Kansas City Royals,10,Top 25,2019,2019 American League Player Review,,,,,,,,,,,,
Whit Merrifield,Kansas City Royals,10,,,2019,2019 American League Player Review,,,,,,,,,,,,
Adalberto Mondesi,Kansas City Royals,10,,,2019,2019 American League Player Review,,,,,,,,,,,,
Statistic,Name,Team,#,Top 25,2019,2019 American League Player Review,,,,,,,,,,,,
Complete Games,Shane Bieber,Cleveland Indians,3,Top 25,2019,2019 American League Pitcher Review,,,,,,,,,,,,
Lucas Giolito,Chicago White Sox,3,,,2019,2019 American League Pitcher Review,,,,,,,,,,,,
ERA,Gerrit Cole,Houston Astros,2.50,Top 25,2019,2019 American League Pitcher Review,,,,,,,,,,,,
Games,Yusmeiro Petit,Oakland Athletics,80,Top 25,2019,2019 American League Pitcher Review,,,,,,,,,,,,
Saves,Roberto Osuna,Houston Astros,38,Top 25,2019,2019 American League Pitcher Review,,,,,,,,,,,,
Shutouts,Shane Bieber,Cleveland Indians,2,Top 25,2019,2019 American League Pitcher Review,,,,,,,,,,,,
Lucas Giolito,Chicago White Sox,2,,,2019,2019 American League Pitcher Review,,,,,,,,,,,,
Strikeouts,Gerrit Cole,Houston Astros,326,Top 25,2019,2019 American League Pitcher Review,,,,,,,,,,,,
Winning Percentage,Gerrit Cole,Houston Astros,.800,Top 25,2019,2019 American League Pitcher Review,,,,,,,,,,,,
Wins,Justin Verlander,Houston Astros,21,Top 25,2019,2019 American League Pitcher Review,,,,,,,,,,,,
Statistic,Name,Team,#,Top 25,2019,2019 American League Pitcher Review,,,,,,,,,,,,
,,,,,2019,2019 American League,New York Yankees,103,59,0,.636,--,"$208,084,848",,,,,
,,,,,2019,2019 American League,Tampa Bay Rays,96,66,0,.593,7.0,"$60,444,931",,,,,
,,,,,2019,2019 American League,Boston Red Sox,84,78,0,.519,19.0,"$222,171,123",,,,,
,,,,,2019,2019 American League,Toronto Blue Jays,67,95,0,.414,36.0,"$112,037,006",,,,,
,,,,,2019,2019 American League,Baltimore Orioles,54,108,0,.333,49.0,"$72,722,906",,,,,
,,,,,2019,2019 American League,Central,Team [Click for roster],Wins,Losses,Ties,WP,GB,Payroll,,,,
,,,,,2019,2019 American League,Minnesota Twins,101,61,0,.623,--,"$121,276,933",,,,,
,,,,,2019,2019 American League,Cleveland Indians,93,69,0,.574,8.0,"$119,241,701",,,,,
,,,,,2019,2019 American League,Chicago White Sox,72,89,0,.447,28.5,"$89,354,534",,,,,
,,,,,2019,2019 American League,Kansas City Royals,59,103,0,.364,42.0,"$100,658,316",,,,,
,,,,,2019,2019 American League,Detroit Tigers,47,114,0,.292,53.5,"$116,478,400",,,,,
,,,,,2019,2019 American League,West,Team [Click for roster],Wins,Losses,Ties,WP,GB,Payroll,,,,
,,,,,2019,2019 American League,Houston Astros,107,55,0,.660,--,"$160,774,666",,,,,
,,,,,2019,2019 American League,Oakland Athletics,97,65,0,.599,10.0,"$92,318,333",,,,,
,,,,,2019,2019 American League,Texas Rangers,78,84,0,.481,29.0,"$127,660,652",,,,,
,,,,,2019,2019 American League,Los Angeles Angels,72,90,0,.444,35.0,"$159,378,583",,,,,
,,,,,2019,2019 American League,Seattle Mariners,68,94,0,.420,39.0,"$150,906,143",,,,,
,,,,,2019,2019 American League,2019 American League Standings,,,,,,,,,,,
,,,,,2019,2019 American League,"Seasonal Events: All-Star Game | Home Run Derby | World Series
Navigation: Year in Review Menu | Previous Season | Next Season
Miscellaneous: N.L. Leaderboard | Rookies List",,,,,,,,,,,
Base on Balls,Carlos Santana,Cleveland Indians,47,Top 25,2020,2020 American League Player Review,,,,,,,,,,,,
Batting Average,DJ LeMahieu,New York Yankees,.364,Top 25,2020,2020 American League Player Review,,,,,,,,,,,,
Doubles,Cesar Hernandez,Cleveland Indians,20,Top 25,2020,2020 American League Player Review,,,,,,,,,,,,
Hits,Jose Abreu,Chicago White Sox,76,Top 25,2020,2020 American League Player Review,,,,,,,,,,,,
Home Runs,Luke Voit,New York Yankees,22,Top 25,2020,2020 American League Player Review,,,,,,,,,,,,
On Base Percentage,DJ LeMahieu,New York Yankees,.421,Top 25,2020,2020 American League Player Review,,,,,,,,,,,,
RBI,Jose Abreu,Chicago White Sox,60,Top 25,2020,2020 American League Player Review,,,,,,,,,,,,
Runs,Tim Anderson,Chicago White Sox,45,Top 25,2020,2020 American League Player Review,,,,,,,,,,,,
Jose Ramirez,Cleveland Indians,45,,,2020,2020 American League Player Review,,,,,,,,,,,,
Slugging Average,Jose Abreu,Chicago White Sox,.617,Top 25,2020,2020 American League Player Review,,,,,,,,,,,,
Stolen Bases,Adalberto Mondesi,Kansas City Royals,24,Top 25,2020,2020 American League Player Review,,,,,,,,,,,,
Total Bases,Jose Abreu,Chicago White Sox,148,Top 25,2020,2020 American League Player Review,,,,,,,,,,,,
Triples,Kyle Tucker,Houston Astros,6,Top 25,2020,2020 American League Player Review,,,,,,,,,,,,
Statistic,Name,Team,#,Top 25,2020,2020 American League Player Review,,,,,,,,,,,,
2020 A.L. History | 2020 N.L. History | Year-by-Year History,,,,,2020,2020 American League Player Review,,,,,,,,,,,,
Complete Games,Gerrit Cole,New York Yankees,2,Top 25,2020,2020 American League Pitcher Review,,,,,,,,,,,,
ERA,Shane Bieber,Cleveland Indians,1.63,Top 25,2020,2020 American League Pitcher Review,,,,,,,,,,,,
Games,Scott Barlow,Kansas City Royals,32,Top 25,2020,2020 American League Pitcher Review,,,,,,,,,,,,
Saves,Brad Hand,Cleveland Indians,16,Top 25,2020,2020 American League Pitcher Review,,,,,,,,,,,,
Shutouts,Gerrit Cole,New York Yankees,1,Top 25,2020,2020 American League Pitcher Review,,,,,,,,,,,,
Kyle Gibson,Texas Rangers,1,,,2020,2020 American League Pitcher Review,,,,,,,,,,,,
Lucas Giolito,Chicago White Sox,1,,,2020,2020 American League Pitcher Review,,,,,,,,,,,,
Brad Keller,Kansas City Royals,1,,,2020,2020 American League Pitcher Review,,,,,,,,,,,,
Mike Minor,Oakland Athletics,1,,,2020,2020 American League Pitcher Review,,,,,,,,,,,,
Strikeouts,Shane Bieber,Cleveland Indians,122,Top 25,2020,2020 American League Pitcher Review,,,,,,,,,,,,
Winning Percentage,Shane Bieber,Cleveland Indians,.889,Top 25,2020,2020 American League Pitcher Review,,,,,,,,,,,,
Wins,Shane Bieber,Cleveland Indians,8,Top 25,2020,2020 American League Pitcher Review,,,,,,,,,,,,
Statistic,Name,Team,#,Top 25,2020,2020 American League Pitcher Review,,,,,,,,,,,,
2020 A.L. History | 2020 N.L. History | Year-by-Year History,,,,,2020,2020 American League Pitcher Review,,,,,,,,,,,,
,,,,,2020,2020 American League Team Standings,Tampa Bay Rays,,,,,--,,,40,20,0,.667
,,,,,2020,2020 American League Team Standings,New York Yankees,,,,,7.0,,,33,27,0,.550
,,,,,2020,2020 American League Team Standings,Toronto Blue Jays,,,,,8.0,,,32,28,0,.533
,,,,,2020,2020 American League Team Standings,Baltimore Orioles,,,,,15.0,,,25,35,0,.417
,,,,,2020,2020 American League Team Standings,Boston Red Sox,,,,,16.0,,,24,36,0,.400
,,,,,2020,2020 American League Team Standings,Central,,,,,WP,GB,,Team | Roster,W,L,T
,,,,,2020,2020 American League Team Standings,Minnesota Twins,,,,,--,,,36,24,0,.600
,,,,,2020,2020 American League Team Standings,Chicago White Sox,,,,,1.0,,,35,25,0,.583
,,,,,2020,2020 American League Team Standings,Cleveland Indians,,,,,1.0,,,35,25,0,.583
,,,,,2020,2020 American League Team Standings,Kansas City Royals,,,,,10.0,,,26,34,0,.433
,,,,,2020,2020 American League Team Standings,Detroit Tigers,,,,,12.0,,,23,35,0,.397
,,,,,2020,2020 American League Team Standings,West,,,,,WP,GB,,Team | Roster,W,L,T
,,,,,2020,2020 American League Team Standings,Oakland Athletics,,,,,--,,,36,24,0,.600
,,,,,2020,2020 American League Team Standings,Houston Astros,,,,,7.0,,,29,31,0,.483
,,,,,2020,2020 American League Team Standings,Seattle Mariners,,,,,9.0,,,27,33,0,.450
,,,,,2020,2020 American League Team Standings,Los Angeles Angels,,,,,10.0,,,26,34,0,.433
,,,,,2020,2020 American League Team Standings,Texas Rangers,,,,,14.0,,,22,38,0,.367
,,,,,2020,2020 American League Team Standings,A.L.,,,,,WP,GB,,Team | Roster,W,L,T
,,,,,2020,2020 American League Team Standings,2020 American League Standings,,,,,,,,,,,
Base on Balls,Joey Gallo,Texas Rangers,111,Top 25,2021,2021 American League Player Review,,,,,,,,,,,,
New York Yankees,,,,,2021,2021 American League Player Review,,,,,,,,,,,,
Batting Average,Yuli Gurriel,Houston Astros,.319,Top 25,2021,2021 American League Player Review,,,,,,,,,,,,
Doubles,Jeimer Candelario,Detroit Tigers,42,Top 25,2021,2021 American League Player Review,,,,,,,,,,,,
J.D. Martinez,Boston Red Sox,42,,,2021,2021 American League Player Review,,,,,,,,,,,,
Whit Merrifield,Kansas City Royals,42,,,2021,2021 American League Player Review,,,,,,,,,,,,
Hits,Bo Bichette,Toronto Blue Jays,191,Top 25,2021,2021 American League Player Review,,,,,,,,,,,,
Home Runs,Vladimir Guerrero Jr.,Toronto Blue Jays,48,Top 25,2021,2021 American League Player Review,,,,,,,,,,,,
Salvador Perez,Kansas City Royals,48,,,2021,2021 American League Player Review,,,,,,,,,,,,
On Base Percentage,Vladimir Guerrero Jr.,Toronto Blue Jays,.401,Top 25,2021,2021 American League Player Review,,,,,,,,,,,,
RBI,Salvador Perez,Kansas City Royals,121,Top 25,2021,2021 American League Player Review,,,,,,,,,,,,
Runs,Vladimir Guerrero Jr.,Toronto Blue Jays,123,Top 25,2021,2021 American League Player Review,,,,,,,,,,,,
Slugging Average,Vladimir Guerrero Jr.,Toronto Blue Jays,.601,Top 25,2021,2021 American League Player Review,,,,,,,,,,,,
Stolen Bases,Whit Merrifield,Kansas City Royals,40,Top 25,2021,2021 American League Player Review,,,,,,,,,,,,
Total Bases,Vladimir Guerrero Jr.,Toronto Blue Jays,363,Top 25,2021,2021 American League Player Review,,,,,,,,,,,,
Triples,Shohei Ohtani,Los Angeles Angels,8,Top 25,2021,2021 American League Player Review,,,,,,,,,,,,
Statistic,Name,Team,#,Top 25,2021,2021 American League Player Review,,,,,,,,,,,,
2021 A.L. History | 2021 N.L. History | Year-by-Year History,,,,,2021,2021 American League Player Review,,,,,,,,,,,,
Complete Games,Gerrit Cole,New York Yankees,2,Top 25,2021,2021 American League Pitcher Review,,,,,,,,,,,,
Sean Manaea,Oakland Athletics,2,,,2021,2021 American League Pitcher Review,,,,,,,,,,,,
ERA,Robbie Ray,Toronto Blue Jays,2.84,Top 25,2021,2021 American League Pitcher Review,,,,,,,,,,,,
Games,Bryan Shaw,Cleveland Indians,81,Top 25,2021,2021 American League Pitcher Review,,,,,,,,,,,,
Saves,Liam Hendriks,Chicago White Sox,38,Top 25,2021,2021 American League Pitcher Review,,,,,,,,,,,,
Shutouts,Sean Manaea,Oakland Athletics,2,Top 25,2021,2021 American League Pitcher Review,,,,,,,,,,,,
Strikeouts,Robbie Ray,Toronto Blue Jays,248,Top 25,2021,2021 American League Pitcher Review,,,,,,,,,,,,
Winning Percentage,"Lance McCullers, Jr.",Houston Astros,.722,Top 25,2021,2021 American League Pitcher Review,,,,,,,,,,,,
Wins,Gerrit Cole,New York Yankees,16,Top 25,2021,2021 American League Pitcher Review,,,,,,,,,,,,
Statistic,Name,Team,#,Top 25,2021,2021 American League Pitcher Review,,,,,,,,,,,,
2021 A.L. History | 2021 N.L. History | Year-by-Year History,,,,,2021,2021 American League Pitcher Review,,,,,,,,,,,,
,,,,,2021,2021 American League Team Standings,Tampa Bay Rays,,,,,--,,,100,62,0,.617
,,,,,2021,2021 American League Team Standings,Boston Red Sox,,,,,8.0,,,92,70,0,.568
,,,,,2021,2021 American League Team Standings,New York Yankees,,,,,8.0,,,92,70,0,.568
,,,,,2021,2021 American League Team Standings,Toronto Blue Jays,,,,,9.0,,,91,71,0,.562
,,,,,2021,2021 American League Team Standings,Baltimore Orioles,,,,,48.0,,,52,110,0,.321
,,,,,2021,2021 American League Team Standings,Central,,,,,WP,GB,,Team | Roster,W,L,T
,,,,,2021,2021 American League Team Standings,Chicago White Sox,,,,,--,,,93,69,0,.586
,,,,,2021,2021 American League Team Standings,Cleveland Indians,,,,,13.0,,,80,82,0,.494
,,,,,2021,2021 American League Team Standings,Detroit Tigers,,,,,16.0,,,77,85,0,.475
,,,,,2021,2021 American League Team Standings,Kansas City Royals,,,,,19.0,,,74,88,0,.457
,,,,,2021,2021 American League Team Standings,Minnesota Twins,,,,,20.0,,,73,89,0,.451
,,,,,2021,2021 American League Team Standings,West,,,,,WP,GB,,Team | Roster,W,L,T
,,,,,2021,2021 American League Team Standings,Houston Astros,,,,,--,,,95,67,0,.586
,,,,,2021,2021 American League Team Standings,Seattle Mariners,,,,,5.0,,,90,72,0,.556
,,,,,2021,2021 American League Team Standings,Oakland Athletics,,,,,9.0,,,86,76,0,.531
,,,,,2021,2021 American League Team Standings,Los Angeles Angels,,,,,18.0,,,77,85,0,.754
,,,,,2021,2021 American League Team Standings,Texas Rangers,,,,,35.0,,,60,102,0,.370
,,,,,2021,2021 American League Team Standings,A.L.,,,,,WP,GB,,Team | Roster,W,L,T
,,,,,2021,2021 American League Team Standings,2021 American League Standings,,,,,,,,,,,
Base on Balls,Aaron Judge,New York Yankees,111,Top 25,2022,2022 American League Player Review,,,,,,,,,,,,
Batting Average,Luis Arraez,Minnesota Twins,.316,Top 25,2022,2022 American League Player Review,,,,,,,,,,,,
Doubles,José Ramírez,Cleveland Guardians,44,Top 25,2022,2022 American League Player Review,,,,,,,,,,,,
Hits,Bo Bichette,Toronto Blue Jays,189,Top 25,2022,2022 American League Player Review,,,,,,,,,,,,
Home Runs,Aaron Judge,New York Yankees,62,Top 25,2022,2022 American League Player Review,,,,,,,,,,,,
On Base Percentage,Aaron Judge,New York Yankees,.425,Top 25,2022,2022 American League Player Review,,,,,,,,,,,,
RBI,Aaron Judge,New York Yankees,131,Top 25,2022,2022 American League Player Review,,,,,,,,,,,,
Runs,Aaron Judge,New York Yankees,133,Top 25,2022,2022 American League Player Review,,,,,,,,,,,,
Slugging Average,Aaron Judge,New York Yankees,.686,Top 25,2022,2022 American League Player Review,,,,,,,,,,,,
Stolen Bases,Jorge Mateo,Baltimore Orioles,35,Top 25,2022,2022 American League Player Review,,,,,,,,,,,,
Total Bases,Aaron Judge,New York Yankees,391,Top 25,2022,2022 American League Player Review,,,,,,,,,,,,
Triples,Amed Rosario,Cleveland Guardians,9,Top 25,2022,2022 American League Player Review,,,,,,,,,,,,
Statistic,Name,Team,#,Top 25,2022,2022 American League Player Review,,,,,,,,,,,,
2022 A.L. History | 2022 N.L. History | Year-by-Year History,,,,,2022,2022 American League Player Review,,,,,,,,,,,,
Complete Games,Framber Valdez,Houston Astros,3,Top 25,2022,2022 American League Pitcher Review,,,,,,,,,,,,
ERA,Justin Verlander,Houston Astros,1.75,Top 25,2022,2022 American League Pitcher Review,,,,,,,,,,,,
Games,Adam Cimber,Toronto Blue Jays,77,Top 25,2022,2022 American League Pitcher Review,,,,,,,,,,,,
Emmanuel Clase,Cleveland Guardians,77,,,2022,2022 American League Pitcher Review,,,,,,,,,,,,
Saves,Emmanuel Clase,Cleveland Guardians,42,Top 25,2022,2022 American League Pitcher Review,,,,,,,,,,,,
Shutouts,Dylan Cease,Chicago White Sox,1,Top 25,2022,2022 American League Pitcher Review,,,,,,,,,,,,
Nestor Cortes,New York Yankees,1,,,2022,2022 American League Pitcher Review,,,,,,,,,,,,
Reid Detmers,Los Angeles Angels,1,,,2022,2022 American League Pitcher Review,,,,,,,,,,,,
Nathan Eovaldi,Boston Red Sox,1,,,2022,2022 American League Pitcher Review,,,,,,,,,,,,
Dean Kremer,Baltimore Orioles,1,,,2022,2022 American League Pitcher Review,,,,,,,,,,,,
Martín Pérez,Texas Rangers,1,,,2022,2022 American League Pitcher Review,,,,,,,,,,,,
Patrick Sandoval,Los Angeles Angels,1,,,2022,2022 American League Pitcher Review,,,,,,,,,,,,
Framber Valdez,Houston Astros,1,,,2022,2022 American League Pitcher Review,,,,,,,,,,,,
Michael Wacha,Boston Red Sox,1,,,2022,2022 American League Pitcher Review,,,,,,,,,,,,
Strikeouts,Corbin Burnes,Milwaukee Brewers,243,Top 25,2022,2022 American League Pitcher Review,,,,,,,,,,,,
Winning Percentage,Justin Verlander,Houston Astros,.818,Top 25,2022,2022 American League Pitcher Review,,,,,,,,,,,,
Wins,Justin Verlander,Houston Astros,18,Top 25,2022,2022 American League Pitcher Review,,,,,,,,,,,,
Statistic,Name,Team,#,Top 25,2022,2022 American League Pitcher Review,,,,,,,,,,,,
2022 A.L. History | 2022 N.L. History | Year-by-Year History,,,,,2022,2022 American League Pitcher Review,,,,,,,,,,,,
,,,,,2022,2022 American League Team Standings,New York Yankees,,,,,-,,,99,63,0,.611
,,,,,2022,2022 American League Team Standings,Toronto Blue Jays,,,,,7.0,,,92,70,0,.568
,,,,,2022,2022 American League Team Standings,Tampa Bay Rays,,,,,13.0,,,86,76,0,.531
,,,,,2022,2022 American League Team Standings,Baltimore Orioles,,,,,16.0,,,83,79,0,.512
,,,,,2022,2022 American League Team Standings,Boston Red Sox,,,,,21.0,,,78,84,0,.481
,,,,,2022,2022 American League Team Standings,Central,,,,,WP,GB,,Team | Roster,W,L,T
,,,,,2022,2022 American League Team Standings,Cleveland Guardians,,,,,-,,,92,70,0,.568
,,,,,2022,2022 American League Team Standings,Chicago White Sox,,,,,11.0,,,81,81,0,.500
,,,,,2022,2022 American League Team Standings,Minnesota Twins,,,,,14.0,,,78,84,0,.481
,,,,,2022,2022 American League Team Standings,Detroit Tigers,,,,,26.0,,,66,96,0,.407
,,,,,2022,2022 American League Team Standings,Kansas City Royals,,,,,27.0,,,65,97,0,.401
,,,,,2022,2022 American League Team Standings,West,,,,,WP,GB,,Team | Roster,W,L,T
,,,,,2022,2022 American League Team Standings,Houston Astros,,,,,-,,,106,56,0,.654
,,,,,2022,2022 American League Team Standings,Seattle Mariners,,,,,16.0,,,90,72,0,.556
,,,,,2022,2022 American League Team Standings,Los Angeles Angels,,,,,33.0,,,73,89,0,.451
,,,,,2022,2022 American League Team Standings,Texas Rangers,,,,,38.0,,,68,94,0,.420
,,,,,2022,2022 American League Team Standings,Oakland Athletics,,,,,46.0,,,60,102,0,.370
,,,,,2022,2022 American League Team Standings,A.L.,,,,,WP,GB,,Team | Roster,W,L,T
,,,,,2022,2022 American League Team Standings,2022 American League Standings,,,,,,,,,,,
Base on Balls,J.P. Crawford,Seattle Mariners,94,Top 25,2023,2023 American League Player Review,,,,,,,,,,,,
Batting Average,Yandy Díaz,Tampa Bay Rays,.330,Top 25,2023,2023 American League Player Review,,,,,,,,,,,,
Doubles,Corey Seager,Texas Rangers,42,Top 25,2023,2023 American League Player Review,,,,,,,,,,,,
Hits,Marcus Semien,Texas Rangers,185,Top 25,2023,2023 American League Player Review,,,,,,,,,,,,
Home Runs,Shohei Ohtani,Los Angeles Angels,44,Top 25,2023,2023 American League Player Review,,,,,,,,,,,,
On Base Percentage,Shohei Ohtani,Los Angeles Angels,.412,Top 25,2023,2023 American League Player Review,,,,,,,,,,,,
RBI,Kyle Tucker,Houston Astros,112,Top 25,2023,2023 American League Player Review,,,,,,,,,,,,
Runs,Marcus Semien,Texas Rangers,122,Top 25,2023,2023 American League Player Review,,,,,,,,,,,,
Slugging Average,Shohei Ohtani,Los Angeles Angels,.654,Top 25,2023,2023 American League Player Review,,,,,,,,,,,,
Stolen Bases,Esteury Ruiz,Oakland Athletics,67,Top 25,2023,2023 American League Player Review,,,,,,,,,,,,
Total Bases,Shohei Ohtani,Los Angeles Angels,325,Top 25,2023,2023 American League Player Review,,,,,,,,,,,,
Triples,Bobby Witt Jr.,Kansas City Royals,11,Top 25,2023,2023 American League Player Review,,,,,,,,,,,,
Statistic,Name,Team,#,Top 25,2023,2023 American League Player Review,,,,,,,,,,,,
2023 A.L. History | 2023 N.L. History | Year-by-Year History,,,,,2023,2023 American League Player Review,,,,,,,,,,,,
Complete Games,Jordan Lyles,Kansas City Royals,3,Top 25,2023,2023 American League Pitcher Review,,,,,,,,,,,,
ERA,Gerrit Cole,New York Yankees,2.63,Top 25,2023,2023 American League Pitcher Review,,,,,,,,,,,,
Games,Matt Brash,Seattle Mariners,78,Top 25,2023,2023 American League Pitcher Review,,,,,,,,,,,,
Saves,Emmanuel Clase,Cleveland Guardians,44,Top 25,2023,2023 American League Pitcher Review,,,,,,,,,,,,
Shutouts,Gerrit Cole,New York Yankees,2,Top 25,2023,2023 American League Pitcher Review,,,,,,,,,,,,
Framber Valdez,Houston Astros,2,,,2023,2023 American League Pitcher Review,,,,,,,,,,,,
Strikeouts,Kevin Gausman,Toronto Blue Jays,237,Top 25,2023,2023 American League Pitcher Review,,,,,,,,,,,,
Winning Percentage,Gerrit Cole,New York Yankees,.789,Top 25,2023,2023 American League Pitcher Review,,,,,,,,,,,,
Wins,Chris Bassitt,Toronto Blue Jays,16,Top 25,2023,2023 American League Pitcher Review,,,,,,,,,,,,
Zach Eflin,Tampa Bay Rays,16,,,2023,2023 American League Pitcher Review,,,,,,,,,,,,
Statistic,Name,Team,#,Top 25,2023,2023 American League Pitcher Review,,,,,,,,,,,,
2023 A.L. History | 2023 N.L. History | Year-by-Year History,,,,,2023,2023 American League Pitcher Review,,,,,,,,,,,,
,,,,,2023,2023 American League Team Standings,Baltimore Orioles,,,,,-,,,101,61,0,.623
,,,,,2023,2023 American League Team Standings,Tampa Bay Rays,,,,,2.0,,,99,63,0,.611
,,,,,2023,2023 American League Team Standings,Toronto Blue Jays,,,,,12.0,,,89,73,0,.549
,,,,,2023,2023 American League Team Standings,New York Yankees,,,,,19.0,,,82,80,0,.506
,,,,,2023,2023 American League Team Standings,Boston Red Sox,,,,,23.0,,,78,84,0,.481
,,,,,2023,2023 American League Team Standings,Central,,,,,WP,GB,,Team | Roster,W,L,T
,,,,,2023,2023 American League Team Standings,Minnesota Twins,,,,,-,,,87,75,0,.537
,,,,,2023,2023 American League Team Standings,Detroit Tigers,,,,,9.0,,,78,84,0,.481
,,,,,2023,2023 American League Team Standings,Cleveland Guardians,,,,,11.0,,,76,86,0,.469
,,,,,2023,2023 American League Team Standings,Chicago White Sox,,,,,26.0,,,61,101,0,.377
,,,,,2023,2023 American League Team Standings,Kansas City Royals,,,,,31.0,,,56,106,0,.346
,,,,,2023,2023 American League Team Standings,West,,,,,WP,GB,,Team | Roster,W,L,T
,,,,,2023,2023 American League Team Standings,Houston Astros,,,,,-,,,90,72,0,.556
,,,,,2023,2023 American League Team Standings,Texas Rangers,,,,,-,,,90,72,0,.556
,,,,,2023,2023 American League Team Standings,Seattle Mariners,,,,,2.0,,,88,74,0,.543
,,,,,2023,2023 American League Team Standings,Los Angeles Angels,,,,,17.0,,,73,89,0,.451
,,,,,2023,2023 American League Team Standings,Oakland Athletics,,,,,40.0,,,50,112,0,.309
,,,,,2023,2023 American League Team Standings,A.L.,,,,,WP,GB,,Team | Roster,W,L,T
,,,,,2023,2023 American League Team Standings,2023 American League Standings,,,,,,,,,,,
Base on Balls,Aaron Judge,New York,133,Top 25,2024,2024 American League Player Review,,,,,,,,,,,,
Batting Average,Bobby Witt Jr.,Kansas City,.332,Top 25,2024,2024 American League Player Review,,,,,,,,,,,,
Doubles,Jarren Duran,Boston,48,Top 25,2024,2024 American League Player Review,,,,,,,,,,,,
Hits,Bobby Witt Jr.,Kansas City,211,Top 25,2024,2024 American League Player Review,,,,,,,,,,,,
Home Runs,Aaron Judge,New York,58,Top 25,2024,2024 American League Player Review,,,,,,,,,,,,
On Base Percentage,Aaron Judge,New York,.458,Top 25,2024,2024 American League Player Review,,,,,,,,,,,,
RBI,Aaron Judge,New York,144,Top 25,2024,2024 American League Player Review,,,,,,,,,,,,
Runs,Juan Soto,New York,128,Top 25,2024,2024 American League Player Review,,,,,,,,,,,,
Slugging Average,Aaron Judge,New York,.701,Top 25,2024,2024 American League Player Review,,,,,,,,,,,,
Stolen Bases,Jose Caballero,Tampa Bay,44,Top 25,2024,2024 American League Player Review,,,,,,,,,,,,
Total Bases,Aaron Judge,New York,392,Top 25,2024,2024 American League Player Review,,,,,,,,,,,,
Triples,Jarren Duran,Boston,14,Top 25,2024,2024 American League Player Review,,,,,,,,,,,,
Statistic,Name,Team,#,Top 25,2024,2024 American League Player Review,,,,,,,,,,,,
2024 A.L. History | 2024 N.L. History | Year-by-Year History,,,,,2024,2024 American League Player Review,,,,,,,,,,,,
Complete Games,Kevin Gausman,Toronto,2,Top 25,2024,2024 American League Pitcher Review,,,,,,,,,,,,
ERA,Tarik Skubal,Detroit,2.39,Top 25,2024,2024 American League Pitcher Review,,,,,,,,,,,,
Games,T.J. McFarland,Oakland,79,Top 25,2024,2024 American League Pitcher Review,,,,,,,,,,,,
Saves,Emmanuel Clase,Cleveland,47,Top 25,2024,2024 American League Pitcher Review,,,,,,,,,,,,
Shutouts,Ronel Blanco,Houston,1,Top 25,2024,2024 American League Pitcher Review,,,,,,,,,,,,
Joey Estes,Oakland,1,,,2024,2024 American League Pitcher Review,,,,,,,,,,,,
Kevin Gausman,Toronto,1,,,2024,2024 American League Pitcher Review,,,,,,,,,,,,
Tanner Houck,Boston,1,,,2024,2024 American League Pitcher Review,,,,,,,,,,,,
Keider Montero,Detroit,1,,,2024,2024 American League Pitcher Review,,,,,,,,,,,,
Strikeouts,Tarik Skubal,Detroit,228,Top 25,2024,2024 American League Pitcher Review,,,,,,,,,,,,
Winning Percentage,Tarik Skubal,Detroit,.818,Top 25,2024,2024 American League Pitcher Review,,,,,,,,,,,,
Wins,Tarik Skubal,Detroit,18,Top 25,2024,2024 American League Pitcher Review,,,,,,,,,,,,
Statistic,Name,Team,#,Top 25,2024,2024 American League Pitcher Review,,,,,,,,,,,,
2024 A.L. History | 2024 N.L. History | Year-by-Year History,,,,,2024,2024 American League Pitcher Review,,,,,,,,,,,,
,,,,,2024,2024 American League Team Standings,New York Yankees,,,,,-,,,94,68,0,.580
,,,,,2024,2024 American League Team Standings,Baltimore Orioles,,,,,3.0,,,91,71,0,.562
,,,,,2024,2024 American League Team Standings,Boston Red Sox,,,,,13.0,,,81,81,0,.500
,,,,,2024,2024 American League Team Standings,Tampa Bay Rays,,,,,14.0,,,80,82,0,.494
,,,,,2024,2024 American League Team Standings,Toronto Blue Jays,,,,,20.0,,,74,88,0,.457
,,,,,2024,2024 American League Team Standings,Central,,,,,WP,GB,,Team | Roster,W,L,T
,,,,,2024,2024 American League Team Standings,Cleveland Guardians,,,,,-,,,92,69,0,.571
,,,,,2024,2024 American League Team Standings,Kansas City Royals,,,,,6.5,,,86,76,0,.531
,,,,,2024,2024 American League Team Standings,Detroit Tigers,,,,,6.5,,,86,76,0,.531
,,,,,2024,2024 American League Team Standings,Minnesota Twins,,,,,10.5,,,82,80,0,.506
,,,,,2024,2024 American League Team Standings,Chicago White Sox,,,,,51.5,,,41,121,0,.253
,,,,,2024,2024 American League Team Standings,West,,,,,WP,GB,,Team | Roster,W,L,T
,,,,,2024,2024 American League Team Standings,Houston Astros,,,,,-,,,88,73,0,.547
,,,,,2024,2024 American League Team Standings,Seattle Mariners,,,,,3.5,,,85,77,0,.525
,,,,,2024,2024 American League Team Standings,Texas Rangers,,,,,10.5,,,78,84,0,.481
,,,,,2024,2024 American League Team Standings,Oakland Athletics,,,,,19.5,,,69,93,0,.426
,,,,,2024,2024 American League Team Standings,Los Angeles Angels,,,,,25.5,,,63,99,0,.389
,,,,,2024,2024 American League Team Standings,A.L.,,,,,WP,GB,,Team | Roster,W,L,T
,,,,,2024,2024 American League Team Standings,2024 American League Standings,,,,,,,,,,,
Base on Balls,To Be Determined,--,--,Top 25,2025,2025 American League Player Review,,,,,,,,,,,,
Batting Average,To Be Determined,--,--,Top 25,2025,2025 American League Player Review,,,,,,,,,,,,
Doubles,To Be Determined,--,--,Top 25,2025,2025 American League Player Review,,,,,,,,,,,,
Hits,To Be Determined,--,--,Top 25,2025,2025 American League Player Review,,,,,,,,,,,,
Home Runs,To Be Determined,--,--,Top 25,2025,2025 American League Player Review,,,,,,,,,,,,
On Base Percentage,To Be Determined,--,--,Top 25,2025,2025 American League Player Review,,,,,,,,,,,,
RBI,To Be Determined,--,--,Top 25,2025,2025 American League Player Review,,,,,,,,,,,,
Runs,To Be Determined,--,--,Top 25,2025,2025 American League Player Review,,,,,,,,,,,,
Slugging Average,To Be Determined,--,--,Top 25,2025,2025 American League Player Review,,,,,,,,,,,,
Stolen Bases,To Be Determined,--,--,Top 25,2025,2025 American League Player Review,,,,,,,,,,,,
Total Bases,To Be Determined,--,--,Top 25,2025,2025 American League Player Review,,,,,,,,,,,,
Triples,To Be Determined,--,--,Top 25,2025,2025 American League Player Review,,,,,,,,,,,,
Statistic,Name,Team,#,Top 25,2025,2025 American League Player Review,,,,,,,,,,,,
2025 A.L. History | 2025 N.L. History | Year-by-Year History,,,,,2025,2025 American League Player Review,,,,,,,,,,,,
Complete Games,To Be Determined,--,--,Top 25,2025,2025 American League Pitcher Review,,,,,,,,,,,,
ERA,To Be Determined,--,--,Top 25,2025,2025 American League Pitcher Review,,,,,,,,,,,,
Games,To Be Determined,--,--,Top 25,2025,2025 American League Pitcher Review,,,,,,,,,,,,
Saves,To Be Determined,--,--,Top 25,2025,2025 American League Pitcher Review,,,,,,,,,,,,
Shutouts,To Be Determined,--,--,Top 25,2025,2025 American League Pitcher Review,,,,,,,,,,,,
Strikeouts,To Be Determined,--,--,Top 25,2025,2025 American League Pitcher Review,,,,,,,,,,,,
Winning Percentage,To Be Determined,--,--,Top 25,2025,2025 American League Pitcher Review,,,,,,,,,,,,
Wins,To Be Determined,--,--,Top 25,2025,2025 American League Pitcher Review,,,,,,,,,,,,
Statistic,Name,Team,#,Top 25,2025,2025 American League Pitcher Review,,,,,,,,,,,,
2025 A.L. History | 2025 N.L. History | Year-by-Year History,,,,,2025,2025 American League Pitcher Review,,,,,,,,,,,,
,,,,,2025,2025 American League Team Standings,New York Yankees,,,,,-,,,42,27,0,.609
,,,,,2025,2025 American League Team Standings,Tampa Bay Rays,,,,,4.5,,,38,32,0,.543
,,,,,2025,2025 American League Team Standings,Toronto Blue Jays,,,,,4.5,,,38,32,0,.543
,,,,,2025,2025 American League Team Standings,Boston Red Sox,,,,,7.5,,,36,36,0,.500
,,,,,2025,2025 American League Team Standings,Baltimore Orioles,,,,,13.0,,,29,40,0,.420
,,,,,2025,2025 American League Team Standings,Central,,,,,WP,GB,,Team | Roster,W,L,T
,,,,,2025,2025 American League Team Standings,Detroit Tigers,,,,,-,,,46,26,0,.639
,,,,,2025,2025 American League Team Standings,Minnesota Twins,,,,,9.0,,,36,34,0,.514
,,,,,2025,2025 American League Team Standings,Cleveland Guardians,,,,,9.5,,,35,34,0,.507
,,,,,2025,2025 American League Team Standings,Kansas City Royals,,,,,11.5,,,34,37,0,.479
,,,,,2025,2025 American League Team Standings,Chicago White Sox,,,,,22.5,,,23,48,0,.324
,,,,,2025,2025 American League Team Standings,West,,,,,WP,GB,,Team | Roster,W,L,T
,,,,,2025,2025 American League Team Standings,Houston Astros,,,,,-,,,40,30,0,.571
,,,,,2025,2025 American League Team Standings,Seattle Mariners,,,,,4.5,,,35,34,0,.507
,,,,,2025,2025 American League Team Standings,Texas Rangers,,,,,5.5,,,35,36,0,.493
,,,,,2025,2025 American League Team Standings,Los Angeles Angels,,,,,6.5,,,33,36,0,.478
,,,,,2025,2025 American League Team Standings,Athletics,,,,,13.0,,,28,44,0,.389
,,,,,2025,2025 American League Team Standings,A.L.,,,,,WP,GB,,Team | Roster,W,L,T
,,,,,2025,2025 American League Team Standings,2025 American League Standings,,,,,,,,,,,
Base on Balls,Joey Votto,Cincinnati,143,Top 25,2015,2015 National League Player Review,,,,,,,,,,,,
Batting Average,Dee Gordon,Miami,.333,Top 25,2015,2015 National League Player Review,,,,,,,,,,,,
Doubles,Matt Carpenter,St. Louis,44,Top 25,2015,2015 National League Player Review,,,,,,,,,,,,
Hits,Dee Gordon,Miami,205,Top 25,2015,2015 National League Player Review,,,,,,,,,,,,
Home Runs,Nolan Arenado,Colorado,42,Top 25,2015,2015 National League Player Review,,,,,,,,,,,,
Bryce Harper,Washington,,,,2015,2015 National League Player Review,,,,,,,,,,,,
On Base Percentage,Bryce Harper,Washington,.460,Top 25,2015,2015 National League Player Review,,,,,,,,,,,,
RBI,Nolan Arenado,Colorado,130,Top 25,2015,2015 National League Player Review,,,,,,,,,,,,
Runs,Bryce Harper,Washington,118,Top 25,2015,2015 National League Player Review,,,,,,,,,,,,
Slugging Average,Bryce Harper,Washington,.649,Top 25,2015,2015 National League Player Review,,,,,,,,,,,,
Stolen Bases,Dee Gordon,Miami,58,Top 25,2015,2015 National League Player Review,,,,,,,,,,,,
Total Bases,Nolan Arenado,Colorado,354,Top 25,2015,2015 National League Player Review,,,,,,,,,,,,
Triples,David Peralta,Arizona,10,Top 25,2015,2015 National League Player Review,,,,,,,,,,,,
Statistic,Name,Team,#,Top 25,2015,2015 National League Player Review,,,,,,,,,,,,
Complete Games,Jake Arrieta,Chicago,4,Top 25,2015,2015 National League Pitcher Review,,,,,,,,,,,,
Madison Bumgarner,San Francisco,,,,2015,2015 National League Pitcher Review,,,,,,,,,,,,
Clayton Kershaw,Los Angeles,,,,2015,2015 National League Pitcher Review,,,,,,,,,,,,
Max Scherzer,Washington,,,,2015,2015 National League Pitcher Review,,,,,,,,,,,,
ERA,Zack Greinke,Los Angeles,1.66,Top 25,2015,2015 National League Pitcher Review,,,,,,,,,,,,
Games,Kevin Siegrist,St. Louis,81,Top 25,2015,2015 National League Pitcher Review,,,,,,,,,,,,
Saves,Mark Melancon,Pittsburgh,51,Top 25,2015,2015 National League Pitcher Review,,,,,,,,,,,,
Shutouts,Jake Arrieta,Chicago,3,Top 25,2015,2015 National League Pitcher Review,,,,,,,,,,,,
Clayton Kershaw,Los Angeles,,,,2015,2015 National League Pitcher Review,,,,,,,,,,,,
Max Scherzer,Washington,,,,2015,2015 National League Pitcher Review,,,,,,,,,,,,
Strikeouts,Clayton Kershaw,Los Angeles,301,Top 25,2015,2015 National League Pitcher Review,,,,,,,,,,,,
Winning Percentage,Zack Greinke,Los Angeles,.864,Top 25,2015,2015 National League Pitcher Review,,,,,,,,,,,,
Wins,Jake Arrieta,Chicago,22,Top 25,2015,2015 National League Pitcher Review,,,,,,,,,,,,
Statistic,Name,Team,#,Top 25,2015,2015 National League Pitcher Review,,,,,,,,,,,,
,,,,,2015,2015 National League,New York Mets,90,72,0,.556,--,,,,,,
,,,,,2015,2015 National League,Washington Nationals,83,79,0,.512,7,,,,,,
,,,,,2015,2015 National League,Miami Marlins,71,91,0,.438,19,,,,,,
,,,,,2015,2015 National League,Atlanta Braves,67,95,0,.414,23,,,,,,
,,,,,2015,2015 National League,Philadelphia Phillies,63,99,0,.389,27,,,,,,
,,,,,2015,2015 National League,Central,Team [Click for roster],Wins,Losses,Ties,WP,GB,,,,,
,,,,,2015,2015 National League,St. Louis Cardinals,100,62,0,.617,--,,,,,,
,,,,,2015,2015 National League,Pittsburgh Pirates,98,64,0,.605,0,,,,,,
,,,,,2015,2015 National League,Chicago Cubs,97,65,0,.599,3,,,,,,
,,,,,2015,2015 National League,Milwaukee Brewers,68,94,0,.420,32,,,,,,
,,,,,2015,2015 National League,Cincinnati Reds,64,98,0,.395,36,,,,,,
,,,,,2015,2015 National League,West,Team [Click for roster],Wins,Losses,Ties,WP,GB,,,,,
,,,,,2015,2015 National League,Los Angeles Dodgers,92,70,0,.568,--,,,,,,
,,,,,2015,2015 National League,San Francisco Giants,84,78,0,.519,8,,,,,,
,,,,,2015,2015 National League,Arizona Diamondbacks,79,83,0,.488,13,,,,,,
,,,,,2015,2015 National League,San Diego Padres,74,88,0,.457,18,,,,,,
,,,,,2015,2015 National League,Colorado Rockies,68,94,0,.420,24,,,,,,
,,,,,2015,2015 National League,2015 National League Final Standings,,,,,,,,,,,
,,,,,2015,2015 National League,"Seasonal Events: All-Star Game | Home Run Derby | World Series
Navigation: Year in Review Menu | Previous Season | Next Season
Miscellaneous: A.L. Leaderboard | Rookies List",,,,,,,,,,,
Base on Balls,Paul Goldschmidt,Arizona,110,Top 25,2016,2016 National League Player Review,,,,,,,,,,,,
Batting Average,DJ LeMahieu,Colorado,.348,Top 25,2016,2016 National League Player Review,,,,,,,,,,,,
Doubles,Daniel Murphy,Washington,47,Top 25,2016,2016 National League Player Review,,,,,,,,,,,,
Hits,Jean Segura,Arizona,203,Top 25,2016,2016 National League Player Review,,,,,,,,,,,,
Home Runs,Nolan Arenado,Colorado,41,Top 25,2016,2016 National League Player Review,,,,,,,,,,,,
Chris Carter,Milwaukee,,,,2016,2016 National League Player Review,,,,,,,,,,,,
On Base Percentage,Joey Votto,Cincinnati,.434,Top 25,2016,2016 National League Player Review,,,,,,,,,,,,
RBI,Nolan Arenado,Colorado,133,Top 25,2016,2016 National League Player Review,,,,,,,,,,,,
Runs,Kris Bryant,Chicago,121,Top 25,2016,2016 National League Player Review,,,,,,,,,,,,
Slugging Average,Daniel Murphy,Washington,.595,Top 25,2016,2016 National League Player Review,,,,,,,,,,,,
Stolen Bases,Jonathan Villar,Milwaukee,62,Top 25,2016,2016 National League Player Review,,,,,,,,,,,,
Total Bases,Nolan Arenado,Colorado,352,Top 25,2016,2016 National League Player Review,,,,,,,,,,,,
Triples,Brandon Crawford,San Francisco,11,Top 25,2016,2016 National League Player Review,,,,,,,,,,,,
Cesar Hernandez,Philadelphia,,,,2016,2016 National League Player Review,,,,,,,,,,,,
Chris Owings,Arizona,,,,2016,2016 National League Player Review,,,,,,,,,,,,
Statistic,Name,Team,#,Top 25,2016,2016 National League Player Review,,,,,,,,,,,,
Complete Games,Johnny Cueto,San Francisco,5,Top 25,2016,2016 National League Pitcher Review,,,,,,,,,,,,
ERA,Kyle Hendricks,Chicago,2.13,Top 25,2016,2016 National League Pitcher Review,,,,,,,,,,,,
Games,Brad Hand,San Diego,82,Top 25,2016,2016 National League Pitcher Review,,,,,,,,,,,,
Saves,Jeurys Familia,New York,51,Top 25,2016,2016 National League Pitcher Review,,,,,,,,,,,,
Shutouts,Clayton Kershaw,Los Angeles,3,Top 25,2016,2016 National League Pitcher Review,,,,,,,,,,,,
Strikeouts,Max Scherzer,Washington,284,Top 25,2016,2016 National League Pitcher Review,,,,,,,,,,,,
Winning Percentage,Jon Lester,Chicago,.792,Top 25,2016,2016 National League Pitcher Review,,,,,,,,,,,,
Wins,Max Scherzer,Washington,20,Top 25,2016,2016 National League Pitcher Review,,,,,,,,,,,,
Statistic,Name,Team,#,Top 25,2016,2016 National League Pitcher Review,,,,,,,,,,,,
,,,,,2016,2016 National League,Washington Nationals,95,67,0,.586,--,,,,,,
,,,,,2016,2016 National League,New York Mets,87,75,0,.537,8,,,,,,
,,,,,2016,2016 National League,Miami Marlins,79,82,0,.491,15.5,,,,,,
,,,,,2016,2016 National League,Philadelphia Phillies,71,91,0,.438,24,,,,,,
,,,,,2016,2016 National League,Atlanta Braves,68,93,0,.422,26.5,,,,,,
,,,,,2016,2016 National League,Central,Team [Click for roster],Wins,Losses,Ties,WP,GB,,,,,
,,,,,2016,2016 National League,Chicago Cubs,103,58,0,.640,--,,,,,,
,,,,,2016,2016 National League,St. Louis Cardinals,86,76,0,.531,17.5,,,,,,
,,,,,2016,2016 National League,Pittsburgh Pirates,78,83,0,.484,25,,,,,,
,,,,,2016,2016 National League,Milwaukee Brewers,73,89,0,.451,30.5,,,,,,
,,,,,2016,2016 National League,Cincinnati Reds,68,94,0,.420,35.5,,,,,,
,,,,,2016,2016 National League,West,Team [Click for roster],Wins,Losses,Ties,WP,GB,,,,,
,,,,,2016,2016 National League,Los Angeles Dodgers,91,71,0,.562,--,,,,,,
,,,,,2016,2016 National League,San Francisco Giants,87,75,0,.537,4,,,,,,
,,,,,2016,2016 National League,Colorado Rockies,75,87,0,.463,16,,,,,,
,,,,,2016,2016 National League,Arizona Diamondbacks,69,93,0,.426,22,,,,,,
,,,,,2016,2016 National League,San Diego Padres,68,94,0,.420,23,,,,,,
,,,,,2016,2016 National League,2016 National League Final Standings,,,,,,,,,,,
,,,,,2016,2016 National League,"Seasonal Events: All-Star Game | Home Run Derby | World Series
Navigation: Year in Review Menu | Previous Season | Next Season
Miscellaneous: A.L. Leaderboard | Rookies List",,,,,,,,,,,
Base on Balls,Joey Votto,Cincinnati Reds,134,Top 25,2017,2017 National League Player Review,,,,,,,,,,,,
Batting Average,Charlie Blackmon,Colorado Rockies,.331,Top 25,2017,2017 National League Player Review,,,,,,,,,,,,
Doubles,Nolan Arenado,Colorado Rockies,43,Top 25,2017,2017 National League Player Review,,,,,,,,,,,,
Daniel Murphy,Washington Nationals,43,,,2017,2017 National League Player Review,,,,,,,,,,,,
Hits,Charlie Blackmon,Colorado Rockies,213,Top 25,2017,2017 National League Player Review,,,,,,,,,,,,
Home Runs,Giancarlo Stanton,Miami Marlins,59,Top 25,2017,2017 National League Player Review,,,,,,,,,,,,
On Base Percentage,Joey Votto,Cincinnati Reds,.454,Top 25,2017,2017 National League Player Review,,,,,,,,,,,,
RBI,Giancarlo Stanton,Miami Marlins,132,Top 25,2017,2017 National League Player Review,,,,,,,,,,,,
Runs,Charlie Blackmon,Colorado Rockies,137,Top 25,2017,2017 National League Player Review,,,,,,,,,,,,
Slugging Average,Giancarlo Stanton,Miami Marlins,.631,Top 25,2017,2017 National League Player Review,,,,,,,,,,,,
Stolen Bases,Dee Gordon,Miami Marlins,60,Top 25,2017,2017 National League Player Review,,,,,,,,,,,,
Total Bases,Charlie Blackmon,Colorado Rockies,387,Top 25,2017,2017 National League Player Review,,,,,,,,,,,,
Triples,Charlie Blackmon,Colorado Rockies,14,Top 25,2017,2017 National League Player Review,,,,,,,,,,,,
Statistic,Name,Team,#,Top 25,2017,2017 National League Player Review,,,,,,,,,,,,
Complete Games,Carlos Martinez,St. Louis Cardinals,2,Top 25,2017,2017 National League Pitcher Review,,,,,,,,,,,,
Ivan Nova,Pittsburgh Pirates,2,,,2017,2017 National League Pitcher Review,,,,,,,,,,,,
Clayton Richard,San Diego Padres,2,,,2017,2017 National League Pitcher Review,,,,,,,,,,,,
Max Scherzer,Washington Nationals,2,,,2017,2017 National League Pitcher Review,,,,,,,,,,,,
ERA,Clayton Kershaw,Los Angeles Dodgers,2.21,Top 25,2017,2017 National League Pitcher Review,,,,,,,,,,,,
Games,Corey Knebel,Milwaukee Brewers,76,Top 25,2017,2017 National League Pitcher Review,,,,,,,,,,,,
Saves,Greg Holland,Colorado Rockies,41,Top 25,2017,2017 National League Pitcher Review,,,,,,,,,,,,
Kenley Jansen,Los Angeles Dodgers,41,,,2017,2017 National League Pitcher Review,,,,,,,,,,,,
Shutouts,Carlos Martinez,St. Louis Cardinals,2,Top 25,2017,2017 National League Pitcher Review,,,,,,,,,,,,
Strikeouts,Max Scherzer,Washington Nationals,268,Top 25,2017,2017 National League Pitcher Review,,,,,,,,,,,,
Winning Percentage,Clayton Kershaw,Los Angeles Dodgers,.818,Top 25,2017,2017 National League Pitcher Review,,,,,,,,,,,,
Wins,Clayton Kershaw,Los Angeles Dodgers,18,Top 25,2017,2017 National League Pitcher Review,,,,,,,,,,,,
Statistic,Name,Team,#,Top 25,2017,2017 National League Pitcher Review,,,,,,,,,,,,
,,,,,2017,2017 National League,Washington Nationals,97,65,0,.599,--,,,,,,
,,,,,2017,2017 National League,Miami Marlins,77,85,0,.475,20.0,,,,,,
,,,,,2017,2017 National League,Atlanta Braves,72,90,0,.444,24.0,,,,,,
,,,,,2017,2017 National League,New York Mets,70,92,0,.432,27.0,,,,,,
,,,,,2017,2017 National League,Philadelphia Phillies,66,96,0,.407,31.0,,,,,,
,,,,,2017,2017 National League,Central,Team [Click for roster],Wins,Losses,Ties,WP,GB,,,,,
,,,,,2017,2017 National League,Chicago Cubs,92,70,0,.568,--,,,,,,
,,,,,2017,2017 National League,Milwaukee Brewers,86,76,0,.531,6.0,,,,,,
,,,,,2017,2017 National League,St. Louis Cardinals,83,79,0,.512,9.0,,,,,,
,,,,,2017,2017 National League,Pittsburgh Pirates,75,87,0,.463,17.0,,,,,,
,,,,,2017,2017 National League,Cincinnati Reds,68,94,0,.420,24.0,,,,,,
,,,,,2017,2017 National League,West,Team [Click for roster],Wins,Losses,Ties,WP,GB,,,,,
,,,,,2017,2017 National League,Los Angeles Dodgers,104,58,0,.642,--,,,,,,
,,,,,2017,2017 National League,Arizona Diamondbacks,93,69,0,.574,11.0,,,,,,
,,,,,2017,2017 National League,Colorado Rockies,87,75,0,.537,17.0,,,,,,
,,,,,2017,2017 National League,San Diego Padres,71,91,0,.438,33.0,,,,,,
,,,,,2017,2017 National League,San Francisco Giants,64,98,0,.395,40.0,,,,,,
,,,,,2017,2017 National League,2017 National League Final Standings,,,,,,,,,,,
,,,,,2017,2017 National League,"Seasonal Events: All-Star Game | Home Run Derby | World Series
Navigation: Year in Review Menu | Previous Season | Next Season
Miscellaneous: A.L. Leaderboard | Rookies List",,,,,,,,,,,
Base on Balls,Bryce Harper,Washington Nationals,130,Top 25,2018,2018 National League Player Review,,,,,,,,,,,,
Batting Average,Christian Yelich,Milwaukee Brewers,.326,Top 25,2018,2018 National League Player Review,,,,,,,,,,,,
Doubles,Freddie Freeman,Atlanta Braves,44,Top 25,2018,2018 National League Player Review,,,,,,,,,,,,
Anthony Rendon,Washington Nationals,44,,,2018,2018 National League Player Review,,,,,,,,,,,,
Hits,Freddie Freeman,Atlanta Braves,191,Top 25,2018,2018 National League Player Review,,,,,,,,,,,,
Home Runs,Nolan Arenado,Colorado Rockies,38,Top 25,2018,2018 National League Player Review,,,,,,,,,,,,
On Base Percentage,Joey Votto,Cincinnati Reds,.417,Top 25,2018,2018 National League Player Review,,,,,,,,,,,,
RBI,Javier Baez,Chicago Cubs,111,Top 25,2018,2018 National League Player Review,,,,,,,,,,,,
Runs,Charlie Blackmon,Colorado Rockies,119,Top 25,2018,2018 National League Player Review,,,,,,,,,,,,
Slugging Average,Christian Yelich,Milwaukee Brewers,.598,Top 25,2018,2018 National League Player Review,,,,,,,,,,,,
Stolen Bases,Trea Turner,Washington Nationals,43,Top 25,2018,2018 National League Player Review,,,,,,,,,,,,
Total Bases,Christian Yelich,Milwaukee Brewers,343,Top 25,2018,2018 National League Player Review,,,,,,,,,,,,
Triples,Ketel Marte,Arizona Diamondbacks,12,Top 25,2018,2018 National League Player Review,,,,,,,,,,,,
Statistic,Name,Team,#,Top 25,2018,2018 National League Player Review,,,,,,,,,,,,
2018 N.L. History | 2018 A.L. History | Year-by-Year History,,,,,2018,2018 National League Player Review,,,,,,,,,,,,
Complete Games,Michael Foltynewicz,Atlanta Braves,2,Top 25,2018,2018 National League Pitcher Review,,,,,,,,,,,,
Max Scherzer,Washington Nationals,2,,,2018,2018 National League Pitcher Review,,,,,,,,,,,,
Noah Syndergaard,New York Mets,2,,,2018,2018 National League Pitcher Review,,,,,,,,,,,,
Jameson Taillon,Pittsburgh Pirates,2,,,2018,2018 National League Pitcher Review,,,,,,,,,,,,
ERA,Jacob deGrom,New York Mets,1.70,Top 25,2018,2018 National League Pitcher Review,,,,,,,,,,,,
Games,Brad Ziegler,Miami Marlins,82,Top 25,2018,2018 National League Pitcher Review,,,,,,,,,,,,
Arizona Diamondbacks,,,,,2018,2018 National League Pitcher Review,,,,,,,,,,,,
Saves,Wade Davis,Colorado Rockies,43,Top 25,2018,2018 National League Pitcher Review,,,,,,,,,,,,
Shutouts,Patrick Corbin,Arizona Diamondbacks,1,Top 25,2018,2018 National League Pitcher Review,,,,,,,,,,,,
Michael Foltynewicz,Atlanta Braves,1,,,2018,2018 National League Pitcher Review,,,,,,,,,,,,
Miles Mikolas,St. Louis Cardinals,1,,,2018,2018 National League Pitcher Review,,,,,,,,,,,,
Max Scherzer,Washington Nationals,1,,,2018,2018 National League Pitcher Review,,,,,,,,,,,,
Chris Stratton,San Francisco Giants,1,,,2018,2018 National League Pitcher Review,,,,,,,,,,,,
Noah Syndergaard,New York Mets,1,,,2018,2018 National League Pitcher Review,,,,,,,,,,,,
Jameson Taillon,Pittsburgh Pirates,1,,,2018,2018 National League Pitcher Review,,,,,,,,,,,,
Trevor Williams,Pittsburgh Pirates,1,,,2018,2018 National League Pitcher Review,,,,,,,,,,,,
Strikeouts,Max Scherzer,Washington Nationals,300,Top 25,2018,2018 National League Pitcher Review,,,,,,,,,,,,
Winning Percentage,Miles Mikolas,St. Louis Cardinals,.818,Top 25,2018,2018 National League Pitcher Review,,,,,,,,,,,,
Wins,Jon Lester,Chicago Cubs,18,Top 25,2018,2018 National League Pitcher Review,,,,,,,,,,,,
Miles Mikolas,St. Louis Cardinals,18,,,2018,2018 National League Pitcher Review,,,,,,,,,,,,
Max Scherzer,Washington Nationals,18,,,2018,2018 National League Pitcher Review,,,,,,,,,,,,
Statistic,Name,Team,#,Top 25,2018,2018 National League Pitcher Review,,,,,,,,,,,,
2018 N.L. History | 2018 A.L. History | Year-by-Year History,,,,,2018,2018 National League Pitcher Review,,,,,,,,,,,,
,,,,,2018,2018 National League Team Standings,Atlanta Braves,,,,,--,,,90,72,0,.556
,,,,,2018,2018 National League Team Standings,Washington Nationals,,,,,8.0,,,82,80,0,.506
,,,,,2018,2018 National League Team Standings,Philadelphia Phillies,,,,,10.0,,,80,82,0,.494
,,,,,2018,2018 National League Team Standings,New York Mets,,,,,13.0,,,77,85,0,.475
,,,,,2018,2018 National League Team Standings,Miami Marlins,,,,,26.5,,,63,98,0,.391
,,,,,2018,2018 National League Team Standings,Central,,,,,WP,GB,,Team | Roster,W,L,T
,,,,,2018,2018 National League Team Standings,Milwaukee Brewers,,,,,--,,,96,67,0,.589
,,,,,2018,2018 National League Team Standings,Chicago Cubs,,,,,1.0,,,95,68,0,.583
,,,,,2018,2018 National League Team Standings,St. Louis Cardinals,,,,,7.5,,,88,74,0,.543
,,,,,2018,2018 National League Team Standings,Pittsburgh Pirates,,,,,13.0,,,82,79,0,.509
,,,,,2018,2018 National League Team Standings,Cincinnati Reds,,,,,28.5,,,67,95,0,.414
,,,,,2018,2018 National League Team Standings,West,,,,,WP,GB,,Team | Roster,W,L,T
,,,,,2018,2018 National League Team Standings,Los Angeles Dodgers,,,,,--,,,92,71,0,.564
,,,,,2018,2018 National League Team Standings,Colorado Rockies,,,,,1.0,,,91,72,0,.558
,,,,,2018,2018 National League Team Standings,Arizona Diamondbacks,,,,,9.5,,,82,80,0,.506
,,,,,2018,2018 National League Team Standings,San Francisco Giants,,,,,18.5,,,73,89,0,.451
,,,,,2018,2018 National League Team Standings,San Diego Padres,,,,,24.5,,,66,96,0,.407
,,,,,2018,2018 National League Team Standings,N.L.,,,,,WP,GB,,Team | Roster,W,L,T
,,,,,2018,2018 National League Team Standings,2018 National Standings,,,,,,,,,,,
Base on Balls,Rhys Hoskins,Philadelphia Phillies,116,Top 25,2019,2019 National League Player Review,,,,,,,,,,,,
Batting Average,Christian Yelich,Milwaukee Brewers,.329,Top 25,2019,2019 National League Player Review,,,,,,,,,,,,
Doubles,Anthony Rendon,Washington Nationals,44,Top 25,2019,2019 National League Player Review,,,,,,,,,,,,
Corey Seager,Los Angeles Dodgers,44,,,2019,2019 National League Player Review,,,,,,,,,,,,
Hits,Ozzie Albies,Atlanta Braves,189,Top 25,2019,2019 National League Player Review,,,,,,,,,,,,
Home Runs,Pete Alonso,New York Mets,53,Top 25,2019,2019 National League Player Review,,,,,,,,,,,,
On Base Percentage,Christian Yelich,Milwaukee Brewers,.429,Top 25,2019,2019 National League Player Review,,,,,,,,,,,,
RBI,Anthony Rendon,Washington Nationals,126,Top 25,2019,2019 National League Player Review,,,,,,,,,,,,
Runs,Ronald Acuna Jr.,Atlanta Braves,127,Top 25,2019,2019 National League Player Review,,,,,,,,,,,,
Slugging Average,Christian Yelich,Milwaukee Brewers,.671,Top 25,2019,2019 National League Player Review,,,,,,,,,,,,
Stolen Bases,Ronald Acuna Jr.,Atlanta Braves,37,Top 25,2019,2019 National League Player Review,,,,,,,,,,,,
Total Bases,Cody Bellinger,Los Angeles Dodgers,351,Top 25,2019,2019 National League Player Review,,,,,,,,,,,,
Triples,Eduardo Escobar,Arizona Diamondbacks,10,Top 25,2019,2019 National League Player Review,,,,,,,,,,,,
Statistic,Name,Team,#,Top25,2019,2019 National League Player Review,,,,,,,,,,,,
Complete Games,Sandy Alcantara,Miami Marlins,2,Top 25,2019,2019 National League Pitcher Review,,,,,,,,,,,,
Walker Buehler,Los Angeles Dodgers,2,,,2019,2019 National League Pitcher Review,,,,,,,,,,,,
Zach Eflin,Philadelphia Phillies,2,,,2019,2019 National League Pitcher Review,,,,,,,,,,,,
ERA,Hyun-Jin Ryu,Los Angeles Dodgers,2.32,Top 25,2019,2019 National League Pitcher Review,,,,,,,,,,,,
Games,Alex Claudio,Milwaukee Brewers,83,Top 25,2019,2019 National League Pitcher Review,,,,,,,,,,,,
Saves,Kirby Yates,San Diego Padres,41,Top 25,2019,2019 National League Pitcher Review,,,,,,,,,,,,
Shutouts,Sandy Alcantara,Miami Marlins,2,Top 25,2019,2019 National League Pitcher Review,,,,,,,,,,,,
Strikeouts,Jacob deGrom,New York Mets,255,Top 25,2019,2019 National League Pitcher Review,,,,,,,,,,,,
Winning Percentage,Walker Buehler,Los Angeles Dodgers,.778,Top 25,2019,2019 National League Pitcher Review,,,,,,,,,,,,
Wins,Stephen Strasburg,Washington Nationals,18,Top 25,2019,2019 National League Pitcher Review,,,,,,,,,,,,
Statistic,Name,Team,#,Top 25,2019,2019 National League Pitcher Review,,,,,,,,,,,,
,,,,,2019,2019 National League,Atlanta Braves,,,,,--,"$113,778,369",,97,65,0,.599
,,,,,2019,2019 National League,Washington Nationals,,,,,4.0,"$161,877,935",,93,69,0,.574
,,,,,2019,2019 National League,New York Mets,,,,,11.0,"$158,999,270",,86,76,0,.531
,,,,,2019,2019 National League,Philadelphia Phillies,,,,,16.0,"$140,711,962",,81,81,0,.500
,,,,,2019,2019 National League,Miami Marlins,,,,,40.0,"$72,449,404",,57,105,0,.352
,,,,,2019,2019 National League,Central,,,,,WP,GB,Payroll,Team | Roster,W,L,T
,,,,,2019,2019 National League,St. Louis Cardinals,,,,,--,"$162,830,430",,91,71,0,.562
,,,,,2019,2019 National League,Milwaukee Brewers,,,,,2.0,"$124,755,400",,89,73,0,.549
,,,,,2019,2019 National League,Chicago Cubs,,,,,7.0,"$210,358,488",,84,78,0,.519
,,,,,2019,2019 National League,Cincinnati Reds,,,,,16.0,"$126,423,214",,75,87,0,.463
,,,,,2019,2019 National League,Pittsburgh Pirates,,,,,22.0,"$76,589,154",,69,93,0,.426
,,,,,2019,2019 National League,West,,,,,WP,GB,Payroll,Team | Roster,W,L,T
,,,,,2019,2019 National League,Los Angeles Dodgers,,,,,--,"$196,729,548",,106,56,0,.654
,,,,,2019,2019 National League,Arizona Diamondbacks,,,,,21.0,"$123,932,983",,85,77,0,.525
,,,,,2019,2019 National League,San Francisco Giants,,,,,29.0,"$178,286,222",,77,85,0,.475
,,,,,2019,2019 National League,Colorado Rockies,,,,,35.0,"$147,433,009",,71,91,0,.438
,,,,,2019,2019 National League,San Diego Padres,,,,,36.0,"$99,205,017",,70,92,0,.432
,,,,,2019,2019 National League,2019 National League Standings,,,,,,,,,,,
,,,,,2019,2019 National League,"Seasonal Events: All-Star Game | Home Run Derby | World Series
Navigation: Year in Review Menu | Previous Season | Next Season
Miscellaneous: A.L. Leaderboard | Rookies List",,,,,,,,,,,
Base on Balls,Bryce Harper,Philadelphia Phillies,49,Top 25,2020,2020 National League Player Review,,,,,,,,,,,,
Batting Average,Juan Soto,Washington Nationals,.351,Top 25,2020,2020 National League Player Review,,,,,,,,,,,,
Doubles,Freddie Freeman,Atlanta Braves,23,Top 25,2020,2020 National League Player Review,,,,,,,,,,,,
Hits,Trea Turner,Washington Nationals,78,Top 25,2020,2020 National League Player Review,,,,,,,,,,,,
Home Runs,Marcell Ozuna,Atlanta Braves,18,Top 25,2020,2020 National League Player Review,,,,,,,,,,,,
On Base Percentage,Juan Soto,Washington Nationals,.490,Top 25,2020,2020 National League Player Review,,,,,,,,,,,,
RBI,Marcell Ozuna,Atlanta Braves,56,Top 25,2020,2020 National League Player Review,,,,,,,,,,,,
Runs,Freddie Freeman,Atlanta Braves,51,Top 25,2020,2020 National League Player Review,,,,,,,,,,,,
Slugging Average,Juan Soto,Washington Nationals,.695,Top 25,2020,2020 National League Player Review,,,,,,,,,,,,
Stolen Bases,Trevor Story,Colorado Rockies,15,Top 25,2020,2020 National League Player Review,,,,,,,,,,,,
Total Bases,Marcell Ozuna,Atlanta Braves,145,Top 25,2020,2020 National League Player Review,,,,,,,,,,,,
Triples,Trevor Story,Colorado Rockies,4,Top 25,2020,2020 National League Player Review,,,,,,,,,,,,
Trea Turner,Washington Nationals,4,,,2020,2020 National League Player Review,,,,,,,,,,,,
Mike Yastrzemski,San Francisco Giants,4,,,2020,2020 National League Player Review,,,,,,,,,,,,
Statistic,Name,Team,#,Top 25,2020,2020 National League Player Review,,,,,,,,,,,,
2020 N.L. History | 2020 A.L. History | Year-by-Year History,,,,,2020,2020 National League Player Review,,,,,,,,,,,,
Complete Games,Trevor Bauer,Cincinnati Reds,2,Top 25,2020,2020 National League Pitcher Review,,,,,,,,,,,,
Aaron Nola,Philadelphia Phillies,2,,,2020,2020 National League Pitcher Review,,,,,,,,,,,,
Adam Wainwright,St. Louis Cardinals,2,,,2020,2020 National League Pitcher Review,,,,,,,,,,,,
ERA,Trevor Bauer,Cincinnati Reds,1.73,Top 25,2020,2020 National League Pitcher Review,,,,,,,,,,,,
Games,Tyler Rogers,San Francisco Giants,29,Top 25,2020,2020 National League Pitcher Review,,,,,,,,,,,,
Saves,Josh Hader,Milwaukee Brewers,13,Top 25,2020,2020 National League Pitcher Review,,,,,,,,,,,,
Shutouts,Trevor Bauer,Cincinnati Reds,2,Top 25,2020,2020 National League Pitcher Review,,,,,,,,,,,,
Strikeouts,Jacob deGrom,New York Mets,104,Top 25,2020,2020 National League Pitcher Review,,,,,,,,,,,,
Winning Percentage,Max Fried,Atlanta Braves,1.000,Top 25,2020,2020 National League Pitcher Review,,,,,,,,,,,,
Wins,Yu Darvish,Chicago Cubs,8,Top 25,2020,2020 National League Pitcher Review,,,,,,,,,,,,
Statistic,Name,Team,#,Top 25,2020,2020 National League Pitcher Review,,,,,,,,,,,,
2020 N.L. History | 2020 A.L. History | Year-by-Year History,,,,,2020,2020 National League Pitcher Review,,,,,,,,,,,,
,,,,,2020,2020 National League Team Standings,Atlanta Braves,,,,,--,,,35,25,0,.583
,,,,,2020,2020 National League Team Standings,Miami Marlins,,,,,4.0,,,31,29,0,.517
,,,,,2020,2020 National League Team Standings,Philadelphia Phillies,,,,,7.0,,,28,32,0,.467
,,,,,2020,2020 National League Team Standings,New York Mets,,,,,9.0,,,26,34,0,.433
,,,,,2020,2020 National League Team Standings,Washington Nationals,,,,,9.0,,,26,34,0,.433
,,,,,2020,2020 National League Team Standings,Central,,,,,WP,GB,,Team | Roster,W,L,T
,,,,,2020,2020 National League Team Standings,Chicago Cubs,,,,,--,,,34,26,0,.567
,,,,,2020,2020 National League Team Standings,Cincinnati Reds,,,,,3.0,,,31,29,0,.517
,,,,,2020,2020 National League Team Standings,St. Louis Cardinals,,,,,3.0,,,30,28,0,.517
,,,,,2020,2020 National League Team Standings,Milwaukee Brewers,,,,,5.0,,,29,31,0,.483
,,,,,2020,2020 National League Team Standings,Pittsburgh Pirates,,,,,15.0,,,19,41,0,.317
,,,,,2020,2020 National League Team Standings,West,,,,,WP,GB,,Team | Roster,W,L,T
,,,,,2020,2020 National League Team Standings,Los Angeles Dodgers,,,,,--,,,43,17,0,.717
,,,,,2020,2020 National League Team Standings,San Diego Padres,,,,,6.0,,,37,23,0,.617
,,,,,2020,2020 National League Team Standings,San Francisco Giants,,,,,14.0,,,29,31,0,.483
,,,,,2020,2020 National League Team Standings,Colorado Rockies,,,,,17.0,,,26,34,0,.433
,,,,,2020,2020 National League Team Standings,Arizona Diamondbacks,,,,,18.0,,,25,35,0,.417
,,,,,2020,2020 National League Team Standings,N.L.,,,,,WP,GB,,Team | Roster,W,L,T
,,,,,2020,2020 National League Team Standings,2020 National League Standings,,,,,,,,,,,
Base on Balls,Juan Soto,Washington Nationals,145,Top 25,2021,2021 National League Player Review,,,,,,,,,,,,
Batting Average,Trea Turner,Washington Nationals,.328,Top 25,2021,2021 National League Player Review,,,,,,,,,,,,
Los Angeles Dodgers,,,,,2021,2021 National League Player Review,,,,,,,,,,,,
Doubles,Bryce Harper,Philadelphia Phillies,42,Top 25,2021,2021 National League Player Review,,,,,,,,,,,,
Hits,Trea Turner,Washington Nationals,195,Top 25,2021,2021 National League Player Review,,,,,,,,,,,,
Los Angeles Dodgers,,,,,2021,2021 National League Player Review,,,,,,,,,,,,
Home Runs,Fernando Tatis Jr.,San Diego Padres,42,Top 25,2021,2021 National League Player Review,,,,,,,,,,,,
On Base Percentage,Juan Soto,Washington Nationals,.465,Top 25,2021,2021 National League Player Review,,,,,,,,,,,,
RBI,Adam Duvall,Miami Marlins,113,Top 25,2021,2021 National League Player Review,,,,,,,,,,,,
Atlanta Braves,,,,,2021,2021 National League Player Review,,,,,,,,,,,,
Runs,Freddie Freeman,Atlanta Braves,120,Top 25,2021,2021 National League Player Review,,,,,,,,,,,,
Slugging Average,Bryce Harper,Philadelphia Phillies,.615,Top 25,2021,2021 National League Player Review,,,,,,,,,,,,
Stolen Bases,Trea Turner,Washington Nationals,32,Top 25,2021,2021 National League Player Review,,,,,,,,,,,,
Los Angeles Dodgers,,,,,2021,2021 National League Player Review,,,,,,,,,,,,
Total Bases,Trea Turner,Washington Nationals,319,Top 25,2021,2021 National League Player Review,,,,,,,,,,,,
Los Angeles Dodgers,,,,,2021,2021 National League Player Review,,,,,,,,,,,,
Triples,David Peralta,Arizona Diamondbacks,8,Top 25,2021,2021 National League Player Review,,,,,,,,,,,,
Bryan Reynolds,Pittsburgh Pirates,8,,,2021,2021 National League Player Review,,,,,,,,,,,,
Statistic,Name,Team,#,Top 25,2021,2021 National League Player Review,,,,,,,,,,,,
2021 N.L. History | 2021 A.L. History | Year-by-Year History,,,,,2021,2021 National League Player Review,,,,,,,,,,,,
Complete Games,German Marquez,Colorado Rockies,3,Top 25,2021,2021 National League Pitcher Review,,,,,,,,,,,,
Adam Wainwright,St. Louis Cardinals,3,,,2021,2021 National League Pitcher Review,,,,,,,,,,,,
Zack Wheeler,Philadelphia Phillies,3,,,2021,2021 National League Pitcher Review,,,,,,,,,,,,
ERA,Corbin Burnes,Milwaukee Brewers,2.43,Top 25,2021,2021 National League Pitcher Review,,,,,,,,,,,,
Games,Tyler Rogers,San Francisco Giants,80,Top 25,2021,2021 National League Pitcher Review,,,,,,,,,,,,
Saves,Mark Melancon,San Diego Padres,39,Top 25,2021,2021 National League Pitcher Review,,,,,,,,,,,,
Shutouts,Anthony DeSclafani,San Francisco Giants,2,Top 25,2021,2021 National League Pitcher Review,,,,,,,,,,,,
Max Fried,Atlanta Braves,2,,,2021,2021 National League Pitcher Review,,,,,,,,,,,,
Joe Musgrove,San Diego Padres,2,,,2021,2021 National League Pitcher Review,,,,,,,,,,,,
Zack Wheeler,Philadelphia Phillies,2,,,2021,2021 National League Pitcher Review,,,,,,,,,,,,
Strikeouts,Zack Wheeler,Philadelphia Phillies,247,Top 25,2021,2021 National League Pitcher Review,,,,,,,,,,,,
Winning Percentage,Julio Urias,Los Angeles Dodgers,.870,Top 25,2021,2021 National League Pitcher Review,,,,,,,,,,,,
Wins,Julio Urias,Los Angeles Dodgers,20,Top 25,2021,2021 National League Pitcher Review,,,,,,,,,,,,
Statistic,Name,Team,#,Top 25,2021,2021 National League Pitcher Review,,,,,,,,,,,,
2021 N.L. History | 2021 A.L. History | Year-by-Year History,,,,,2021,2021 National League Pitcher Review,,,,,,,,,,,,
,,,,,2021,2021 National League Team Standings,Atlanta Braves,,,,,--,,,88,73,0,.547
,,,,,2021,2021 National League Team Standings,Philadelphia Phillies,,,,,6.5,,,82,80,0,.506
,,,,,2021,2021 National League Team Standings,New York Mets,,,,,11.5,,,77,85,0,.475
,,,,,2021,2021 National League Team Standings,Miami Marlins,,,,,21.5,,,67,95,0,.414
,,,,,2021,2021 National League Team Standings,Washington Nationals,,,,,23.5,,,65,97,0,.401
,,,,,2021,2021 National League Team Standings,Central,,,,,WP,GB,,Team | Roster,W,L,T
,,,,,2021,2021 National League Team Standings,Milwaukee Brewers,,,,,--,,,95,67,0,.586
,,,,,2021,2021 National League Team Standings,St. Louis Cardinals,,,,,5.0,,,90,72,0,.556
,,,,,2021,2021 National League Team Standings,Cincinnati Reds,,,,,12.0,,,83,79,0,.512
,,,,,2021,2021 National League Team Standings,Chicago Cubs,,,,,24.0,,,71,91,0,.438
,,,,,2021,2021 National League Team Standings,Pittsburgh Pirates,,,,,34.0,,,61,101,0,.377
,,,,,2021,2021 National League Team Standings,West,,,,,WP,GB,,Team | Roster,W,L,T
,,,,,2021,2021 National League Team Standings,San Francisco Giants,,,,,--,,,107,55,0,.660
,,,,,2021,2021 National League Team Standings,Los Angeles Dodgers,,,,,1.0,,,106,56,0,.654
,,,,,2021,2021 National League Team Standings,San Diego Padres,,,,,28.0,,,79,83,0,.488
,,,,,2021,2021 National League Team Standings,Colorado Rockies,,,,,32.5,,,74,87,0,.460
,,,,,2021,2021 National League Team Standings,Arizona Diamondbacks,,,,,55.0,,,52,110,0,.321
,,,,,2021,2021 National League Team Standings,N.L.,,,,,WP,GB,,Team | Roster,w,L,T
,,,,,2021,2021 National League Team Standings,2021 National League Standings,,,,,,,,,,,
Base on Balls,Juan Soto,Washington Nationals,135,Top 25,2022,2022 National League Player Review,,,,,,,,,,,,
San Diego Padres,,,,,2022,2022 National League Player Review,,,,,,,,,,,,
Batting Average,Jeff McNeil,New York Mets,.326,Top 25,2022,2022 National League Player Review,,,,,,,,,,,,
Doubles,Freddie Freeman,Los Angeles Dodgers,44,Top 25,2022,2022 National League Player Review,,,,,,,,,,,,
Hits,Freddie Freeman,Los Angeles Dodgers,11,Top 25,2022,2022 National League Player Review,,,,,,,,,,,,
Home Runs,Kyle Schwarber,Philadelphia Phillies,46,Top 25,2022,2022 National League Player Review,,,,,,,,,,,,
On Base Percentage,Freddie Freeman,Los Angeles Dodgers,.407,Top 25,2022,2022 National League Player Review,,,,,,,,,,,,
RBI,Pete Alonso,New York Mets,131,Top 25,2022,2022 National League Player Review,,,,,,,,,,,,
Runs,Mookie Betts,Los Angeles Dodgers,117,Top 25,2022,2022 National League Player Review,,,,,,,,,,,,
Freddie Freeman,Los Angeles Dodgers,117,,,2022,2022 National League Player Review,,,,,,,,,,,,
Slugging Average,Paul Goldschmidt,St. Louis Cardinals,.578,Top 25,2022,2022 National League Player Review,,,,,,,,,,,,
Stolen Bases,Jon Berti,Miami Marlins,41,Top 25,2022,2022 National League Player Review,,,,,,,,,,,,
Total Bases,Austin Riley,Atlanta Braves,325,Top 25,2022,2022 National League Player Review,,,,,,,,,,,,
Triples,Gavin Lux,Los Angeles Dodgers,7,Top 25,2022,2022 National League Player Review,,,,,,,,,,,,
Brandon Nimmo,New York Mets,7,,,2022,2022 National League Player Review,,,,,,,,,,,,
Statistic,Name,Team,#,Top 25,2022,2022 National League Player Review,,,,,,,,,,,,
2022 N.L. History | 2022 A.L. History | Year-by-Year History,,,,,2022,2022 National League Player Review,,,,,,,,,,,,
Complete Games,Sandy Alcantara,Miami Marlins,6,Top 25,2022,2022 National League Pitcher Review,,,,,,,,,,,,
ERA,Julio Urías,Los Angeles Dodgers,2.16,Top 25,2022,2022 National League Pitcher Review,,,,,,,,,,,,
Games,John Brebbia,San Francisco Giants,76,Top 25,2022,2022 National League Pitcher Review,,,,,,,,,,,,
Saves,Kenley Jansen,Atlanta Braves,41,Top 25,2022,2022 National League Pitcher Review,,,,,,,,,,,,
Shutouts,Sandy Alcantara,Miami Marlins,1,Top 25,2022,2022 National League Pitcher Review,,,,,,,,,,,,
Walker Buehler,Los Angeles Dodgers,1,,,2022,2022 National League Pitcher Review,,,,,,,,,,,,
Bryce Elder,Atlanta Braves,1,,,2022,2022 National League Pitcher Review,,,,,,,,,,,,
Hunter Greene,Cincinnati Reds,1,,,2022,2022 National League Pitcher Review,,,,,,,,,,,,
Chad Kuhl,Colorado Rockies,1,,,2022,2022 National League Pitcher Review,,,,,,,,,,,,
Jordan Montgomery,St. Louis Cardinals,1,,,2022,2022 National League Pitcher Review,,,,,,,,,,,,
Aaron Nola,Philadelphia Phillies,1,,,2022,2022 National League Pitcher Review,,,,,,,,,,,,
Strikeouts,Corbin Burnes,Milwaukee Brewers,243,Top 25,2022,2022 National League Pitcher Review,,,,,,,,,,,,
Winning Percentage,Kyle Wright,Atlanta Braves,.808,Top 25,2022,2022 National League Pitcher Review,,,,,,,,,,,,
Wins,Kyle Wright,Atlanta Braves,21,Top 25,2022,2022 National League Pitcher Review,,,,,,,,,,,,
Statistic,Name,Team,#,Top 25,2022,2022 National League Pitcher Review,,,,,,,,,,,,
2022 N.L. History | 2022 A.L. History | Year-by-Year History,,,,,2022,2022 National League Pitcher Review,,,,,,,,,,,,
,,,,,2022,2022 National League Team Standings,Atlanta Braves,,,,,-,,,101,61,0,.623
,,,,,2022,2022 National League Team Standings,New York Mets,,,,,-,,,101,61,0,.623
,,,,,2022,2022 National League Team Standings,Philadelphia Phillies,,,,,14.0,,,87,75,0,.537
,,,,,2022,2022 National League Team Standings,Miami Marlins,,,,,32.0,,,69,93,0,.426
,,,,,2022,2022 National League Team Standings,Washington Nationals,,,,,46.0,,,55,107,0,.340
,,,,,2022,2022 National League Team Standings,Central,,,,,WP,GB,,Team | Roster,W,L,T
,,,,,2022,2022 National League Team Standings,St. Louis Cardinals,,,,,-,,,93,69,0,.574
,,,,,2022,2022 National League Team Standings,Milwaukee Brewers,,,,,7.0,,,86,76,0,.531
,,,,,2022,2022 National League Team Standings,Chicago Cubs,,,,,19.0,,,74,88,0,.457
,,,,,2022,2022 National League Team Standings,Cincinnati Reds,,,,,31.0,,,62,100,0,.383
,,,,,2022,2022 National League Team Standings,Pittsburgh Pirates,,,,,31.0,,,62,100,0,.383
,,,,,2022,2022 National League Team Standings,West,,,,,WP,GB,,Team | Roster,W,L,T
,,,,,2022,2022 National League Team Standings,Los Angeles Dodgers,,,,,-,,,111,51,0,.685
,,,,,2022,2022 National League Team Standings,San Diego Padres,,,,,22.0,,,89,73,0,.549
,,,,,2022,2022 National League Team Standings,San Francisco Giants,,,,,30.0,,,81,81,0,.500
,,,,,2022,2022 National League Team Standings,Arizona Diamondbacks,,,,,37.0,,,74,88,0,.457
,,,,,2022,2022 National League Team Standings,Colorado Rockies,,,,,43.0,,,68,94,0,.420
,,,,,2022,2022 National League Team Standings,N.L.,,,,,WP,GB,,Team | Roster,W,L,T
,,,,,2022,2022 National League Team Standings,2022 National League Standings,,,,,,,,,,,
Base on Balls,Juan Soto,San Diego Padres,132,Top 25,2023,2023 National League Player Review,,,,,,,,,,,,
Batting Average,Luis Arraez,Miami Marlins,.354,Top 25,2023,2023 National League Player Review,,,,,,,,,,,,
Doubles,Freddie Freeman,Los Angeles Dodgers,59,Top 25,2023,2023 National League Player Review,,,,,,,,,,,,
Hits,Ronald Acuña Jr.,Atlanta Braves,217,Top 25,2023,2023 National League Player Review,,,,,,,,,,,,
Home Runs,Matt Olson,Atlanta Braves,54,Top 25,2023,2023 National League Player Review,,,,,,,,,,,,
On Base Percentage,Ronald Acuña Jr.,Atlanta Braves,.416,Top 25,2023,2023 National League Player Review,,,,,,,,,,,,
RBI,Matt Olson,Atlanta Braves,139,Top 25,2023,2023 National League Player Review,,,,,,,,,,,,
Runs,Ronald Acuña Jr.,Atlanta Braves,149,Top 25,2023,2023 National League Player Review,,,,,,,,,,,,
Slugging Average,Matt Olson,Atlanta Braves,.604,Top 25,2023,2023 National League Player Review,,,,,,,,,,,,
Stolen Bases,Ronald Acuña Jr.,Atlanta Braves,73,Top 25,2023,2023 National League Player Review,,,,,,,,,,,,
Total Bases,Ronald Acuña Jr.,Atlanta Braves,383,Top 25,2023,2023 National League Player Review,,,,,,,,,,,,
Triples,Corbin Carroll,Arizona Diamondbacks,10,Top 25,2023,2023 National League Player Review,,,,,,,,,,,,
Statistic,Name,Team,#,Top 25,2023,2023 National League Player Review,,,,,,,,,,,,
2023 N.L. History | 2023 A.L. History | Year-by-Year History,,,,,2023,2023 National League Player Review,,,,,,,,,,,,
Complete Games,Sandy Alcantara,Miami Marlins,3,Top 25,2023,2023 National League Pitcher Review,,,,,,,,,,,,
ERA,Blake Snell,San Diego Padres,2.25,Top 25,2023,2023 National League Pitcher Review,,,,,,,,,,,,
Games,Miguel Castro,Arizona Diamondbacks,75,Top 25,2023,2023 National League Pitcher Review,,,,,,,,,,,,
Saves,David Bednar,Pittsburgh Pirates,39,Top 25,2023,2023 National League Pitcher Review,,,,,,,,,,,,
Camilo Doval,San Francisco Giants,39,,,2023,2023 National League Pitcher Review,,,,,,,,,,,,
Shutouts,Sandy Alcantara,Miami Marlins,1,Top 25,2023,2023 National League Pitcher Review,,,,,,,,,,,,
Alex Cobb,San Francisco Giants,1,,,2023,2023 National League Pitcher Review,,,,,,,,,,,,
Max Fried,Atlanta Braves,1,,,2023,2023 National League Pitcher Review,,,,,,,,,,,,
Zac Gallen,Arizona Diamondbacks,1,,,2023,2023 National League Pitcher Review,,,,,,,,,,,,
Mitch Keller,Pittsburgh Pirates,1,,,2023,2023 National League Pitcher Review,,,,,,,,,,,,
Michael Lorenzen,Philadelphia Phillies,1,,,2023,2023 National League Pitcher Review,,,,,,,,,,,,
Johan Oviedo,Pittsburgh Pirates,1,,,2023,2023 National League Pitcher Review,,,,,,,,,,,,
Marcus Stroman,Chicago Cubs,1,,,2023,2023 National League Pitcher Review,,,,,,,,,,,,
Logan Webb,San Francisco Giants,1,,,2023,2023 National League Pitcher Review,,,,,,,,,,,,
Brandon Woodruff,Milwaukee Brewers,1,,,2023,2023 National League Pitcher Review,,,,,,,,,,,,
Strikeouts,Spencer Strider,Atlanta Braves,281,Top 25,2023,2023 National League Pitcher Review,,,,,,,,,,,,
Winning Percentage,Spencer Strider,Atlanta Braves,.800,Top 25,2023,2023 National League Pitcher Review,,,,,,,,,,,,
Wins,Spencer Strider,Atlanta Braves,20,Top 25,2023,2023 National League Pitcher Review,,,,,,,,,,,,
Statistic,Name,Team,#,Top 25,2023,2023 National League Pitcher Review,,,,,,,,,,,,
2023 N.L. History | 2023 A.L. History | Year-by-Year History,,,,,2023,2023 National League Pitcher Review,,,,,,,,,,,,
,,,,,2023,2023 National League Team Standings,Atlanta Braves,,,,,-,,,104,58,0,.642
,,,,,2023,2023 National League Team Standings,Philadelphia Phillies,,,,,14.0,,,90,72,0,.556
,,,,,2023,2023 National League Team Standings,Miami Marlins,,,,,20.0,,,84,78,0,.519
,,,,,2023,2023 National League Team Standings,New York Mets,,,,,29.0,,,75,87,0,.463
,,,,,2023,2023 National League Team Standings,Washington Nationals,,,,,33.0,,,71,91,0,.438
,,,,,2023,2023 National League Team Standings,Central,,,,,WP,GB,,Team | Roster,W,L,T
,,,,,2023,2023 National League Team Standings,Milwaukee Brewers,,,,,-,,,92,70,0,.568
,,,,,2023,2023 National League Team Standings,Chicago Cubs,,,,,9.0,,,83,79,0,.512
,,,,,2023,2023 National League Team Standings,Cincinnati Reds,,,,,10.0,,,82,80,0,.506
,,,,,2023,2023 National League Team Standings,Pittsburgh Pirates,,,,,16.0,,,76,86,0,.469
,,,,,2023,2023 National League Team Standings,St. Louis Cardinals,,,,,21.0,,,71,91,0,.438
,,,,,2023,2023 National League Team Standings,West,,,,,WP,GB,,Team | Roster,W,L,T
,,,,,2023,2023 National League Team Standings,Los Angeles Dodgers,,,,,-,,,100,62,0,.617
,,,,,2023,2023 National League Team Standings,Arizona Diamondbacks,,,,,16.0,,,84,78,0,.519
,,,,,2023,2023 National League Team Standings,San Diego Padres,,,,,18.0,,,82,80,0,.506
,,,,,2023,2023 National League Team Standings,San Francisco Giants,,,,,21.0,,,79,83,0,.488
,,,,,2023,2023 National League Team Standings,Colorado Rockies,,,,,41.0,,,59,103,0,.364
,,,,,2023,2023 National League Team Standings,N.L.,,,,,WP,GB,,Team | Roster,W,L,T
,,,,,2023,2023 National League Team Standings,2023 National League Standings,,,,,,,,,,,
Base on Balls,Kyle Schwarber,Philadelphia,105,Top 25,2024,2024 National League Player Review,,,,,,,,,,,,
Batting Average,Luis Arraez,Miami,.314,Top 25,2024,2024 National League Player Review,,,,,,,,,,,,
San Diego,,,,,2024,2024 National League Player Review,,,,,,,,,,,,
Doubles,Ezequiel Tovar,Colorado,45,Top 25,2024,2024 National League Player Review,,,,,,,,,,,,
Hits,Luis Arraez,Miami,200,Top 25,2024,2024 National League Player Review,,,,,,,,,,,,
San Diego,,,,,2024,2024 National League Player Review,,,,,,,,,,,,
Home Runs,Shohei Ohtani,Los Angeles,54,Top 25,2024,2024 National League Player Review,,,,,,,,,,,,
On Base Percentage,Shohei Ohtani,Los Angeles,.390,Top 25,2024,2024 National League Player Review,,,,,,,,,,,,
RBI,Shohei Ohtani,Los Angeles,130,Top 25,2024,2024 National League Player Review,,,,,,,,,,,,
Runs,Shohei Ohtani,Los Angeles,134,Top 25,2024,2024 National League Player Review,,,,,,,,,,,,
Slugging Average,Shohei Ohtani,Los Angeles,.646,Top 25,2024,2024 National League Player Review,,,,,,,,,,,,
Stolen Bases,Elly De La Cruz,Cincinnati,67,Top 25,2024,2024 National League Player Review,,,,,,,,,,,,
Total Bases,Shohei Ohtani,Los Angeles,411,Top 25,2024,2024 National League Player Review,,,,,,,,,,,,
Triples,Corbin Carroll,Arizona,14,Top 25,2024,2024 National League Player Review,,,,,,,,,,,,
Statistic,Name,Team,#,Top 25,2024,2024 National League Player Review,,,,,,,,,,,,
2024 N.L. History | 2024 A.L. History | Year-by-Year History,,,,,2024,2024 National League Player Review,,,,,,,,,,,,
Complete Games,Max Fried,Atlanta,2,Top 25,2024,2024 National League Pitcher Review,,,,,,,,,,,,
Cristopher Sánchez,Philadelphia,2,,,2024,2024 National League Pitcher Review,,,,,,,,,,,,
ERA,Chris Sale,Atlanta,2.38,Top 25,2024,2024 National League Pitcher Review,,,,,,,,,,,,
Games,Tyler Rogers,San Francisco,77,Top 25,2024,2024 National League Pitcher Review,,,,,,,,,,,,
Saves,Ryan Helsley,St. Louis,49,Top 25,2024,2024 National League Pitcher Review,,,,,,,,,,,,
Shutouts,Dylan Cease,San Diego,1,Top 25,2024,2024 National League Pitcher Review,,,,,,,,,,,,
Max Fried,Atlanta,1,,,2024,2024 National League Pitcher Review,,,,,,,,,,,,
Braxton Garrett,Miami,1,,,2024,2024 National League Pitcher Review,,,,,,,,,,,,
Aaron Nola,Philadelphia,1,,,2024,2024 National League Pitcher Review,,,,,,,,,,,,
Tyler Phillips,Philadelphia,1,,,2024,2024 National League Pitcher Review,,,,,,,,,,,,
Luis Severino,New York,1,,,2024,2024 National League Pitcher Review,,,,,,,,,,,,
Blake Snell,San Francisco,1,,,2024,2024 National League Pitcher Review,,,,,,,,,,,,
Gavin Stone,Los Angeles,1,,,2024,2024 National League Pitcher Review,,,,,,,,,,,,
Ranger Suárez,Philadelphia,1,,,2024,2024 National League Pitcher Review,,,,,,,,,,,,
Cristopher Sánchez,Philadelphia,1,,,2024,2024 National League Pitcher Review,,,,,,,,,,,,
Logan Webb,San Francisco,1,,,2024,2024 National League Pitcher Review,,,,,,,,,,,,
Strikeouts,Chris Sale,Atlanta,225,Top 25,2024,2024 National League Pitcher Review,,,,,,,,,,,,
Winning Percentage,Chris Sale,Atlanta,.857,Top 25,2024,2024 National League Pitcher Review,,,,,,,,,,,,
Wins,Chris Sale,Atlanta,18,Top 25,2024,2024 National League Pitcher Review,,,,,,,,,,,,
Statistic,Name,Team,#,Top 25,2024,2024 National League Pitcher Review,,,,,,,,,,,,
2024 N.L. History | 2024 A.L. History | Year-by-Year History,,,,,2024,2024 National League Pitcher Review,,,,,,,,,,,,
,,,,,2024,2024 National League Team Standings,Philadelphia Phillies,,,,,-,,,95,67,0,.586
,,,,,2024,2024 National League Team Standings,Atlanta Braves,,,,,6.0,,,89,73,0,.549
,,,,,2024,2024 National League Team Standings,New York Mets,,,,,6.0,,,89,73,0,.549
,,,,,2024,2024 National League Team Standings,Washington Nationals,,,,,24.0,,,71,91,0,.438
,,,,,2024,2024 National League Team Standings,Miami Marlins,,,,,33.0,,,62,100,0,.383
,,,,,2024,2024 National League Team Standings,Central,,,,,WP,GB,,Team | Roster,W,L,T
,,,,,2024,2024 National League Team Standings,Milwaukee Brewers,,,,,-,,,93,69,0,.574
,,,,,2024,2024 National League Team Standings,Chicago Cubs,,,,,10.0,,,83,79,0,.512
,,,,,2024,2024 National League Team Standings,St. Louis Cardinals,,,,,10.0,,,83,79,0,.512
,,,,,2024,2024 National League Team Standings,Cincinnati Reds,,,,,16.0,,,77,85,0,.475
,,,,,2024,2024 National League Team Standings,Pittsburgh Pirates,,,,,17.0,,,76,86,0,.469
,,,,,2024,2024 National League Team Standings,West,,,,,WP,GB,,Team | Roster,W,L,T
,,,,,2024,2024 National League Team Standings,Los Angeles Dodgers,,,,,-,,,98,64,0,.605
,,,,,2024,2024 National League Team Standings,San Diego Padres,,,,,5.0,,,93,69,0,.574
,,,,,2024,2024 National League Team Standings,Arizona Diamondbacks,,,,,9.0,,,89,73,0,.549
,,,,,2024,2024 National League Team Standings,San Francisco Giants,,,,,18.0,,,80,82,0,.494
,,,,,2024,2024 National League Team Standings,Colorado Rockies,,,,,37.0,,,61,101,0,.377
,,,,,2024,2024 National League Team Standings,N.L.,,,,,WP,GB,,Team | Roster,W,L,T
,,,,,2024,2024 National League Team Standings,2024 National League Standings,,,,,,,,,,,
Base on Balls,To Be Determined,--,--,Top 25,2025,2025 National League Player Review,,,,,,,,,,,,
Batting Average,To Be Determined,--,--,Top 25,2025,2025 National League Player Review,,,,,,,,,,,,
Doubles,To Be Determined,--,--,Top 25,2025,2025 National League Player Review,,,,,,,,,,,,
Hits,To Be Determined,--,--,Top 25,2025,2025 National League Player Review,,,,,,,,,,,,
Home Runs,To Be Determined,--,--,Top 25,2025,2025 National League Player Review,,,,,,,,,,,,
On Base Percentage,To Be Determined,--,--,Top 25,2025,2025 National League Player Review,,,,,,,,,,,,
RBI,To Be Determined,--,--,Top 25,2025,2025 National League Player Review,,,,,,,,,,,,
Runs,To Be Determined,--,--,Top 25,2025,2025 National League Player Review,,,,,,,,,,,,
Slugging Average,To Be Determined,--,--,Top 25,2025,2025 National League Player Review,,,,,,,,,,,,
Stolen Bases,To Be Determined,--,--,Top 25,2025,2025 National League Player Review,,,,,,,,,,,,
Total Bases,To Be Determined,--,--,Top 25,2025,2025 National League Player Review,,,,,,,,,,,,
Triples,To Be Determined,--,--,Top 25,2025,2025 National League Player Review,,,,,,,,,,,,
Statistic,Name,Team,#,Top 25,2025,2025 National League Player Review,,,,,,,,,,,,
2025 N.L. History | 2025 A.L. History | Year-by-Year History,,,,,2025,2025 National League Player Review,,,,,,,,,,,,
Complete Games,To Be Determined,--,--,Top 25,2025,2025 National League Pitcher Review,,,,,,,,,,,,
ERA,To Be Determined,--,--,Top 25,2025,2025 National League Pitcher Review,,,,,,,,,,,,
Games,To Be Determined,--,--,Top 25,2025,2025 National League Pitcher Review,,,,,,,,,,,,
Saves,To Be Determined,--,--,Top 25,2025,2025 National League Pitcher Review,,,,,,,,,,,,
Shutouts,To Be Determined,--,--,Top 25,2025,2025 National League Pitcher Review,,,,,,,,,,,,
Strikeouts,To Be Determined,--,--,Top 25,2025,2025 National League Pitcher Review,,,,,,,,,,,,
Winning Percentage,To Be Determined,--,--,Top 25,2025,2025 National League Pitcher Review,,,,,,,,,,,,
Wins,To Be Determined,--,--,Top 25,2025,2025 National League Pitcher Review,,,,,,,,,,,,
Statistic,Name,Team,#,Top 25,2025,2025 National League Pitcher Review,,,,,,,,,,,,
2025 N.L. History | 2025 A.L. History | Year-by-Year History,,,,,2025,2025 National League Pitcher Review,,,,,,,,,,,,
,,,,,2025,2025 National League Team Standings,New York Mets,,,,,-,,,45,26,0,.634
,,,,,2025,2025 National League Team Standings,Philadelphia Phillies,,,,,3.5,,,41,29,0,.586
,,,,,2025,2025 National League Team Standings,Atlanta Braves,,,,,13.0,,,31,38,0,.449
,,,,,2025,2025 National League Team Standings,Washington Nationals,,,,,14.5,,,30,40,0,.429
,,,,,2025,2025 National League Team Standings,Miami Marlins,,,,,16.5,,,27,41,0,.397
,,,,,2025,2025 National League Team Standings,Central,,,,,WP,GB,,Team | Roster,W,L,T
,,,,,2025,2025 National League Team Standings,Chicago Cubs,,,,,-,,,43,28,0,.606
,,,,,2025,2025 National League Team Standings,Milwaukee Brewers,,,,,5.5,,,38,34,0,.528
,,,,,2025,2025 National League Team Standings,St. Louis Cardinals,,,,,6.0,,,37,34,0,.521
,,,,,2025,2025 National League Team Standings,Cincinnati Reds,,,,,7.0,,,36,35,0,.507
,,,,,2025,2025 National League Team Standings,Pittsburgh Pirates,,,,,14.5,,,29,43,0,.403
,,,,,2025,2025 National League Team Standings,West,,,,,WP,GB,,Team | Roster,W,L,T
,,,,,2025,2025 National League Team Standings,Los Angeles Dodgers,,,,,-,,,42,29,0,.592
,,,,,2025,2025 National League Team Standings,San Francisco Giants,,,,,1.0,,,41,30,0,.577
,,,,,2025,2025 National League Team Standings,San Diego Padres,,,,,3.0,,,38,31,0,.551
,,,,,2025,2025 National League Team Standings,Arizona Diamondbacks,,,,,5.5,,,36,34,0,.514
,,,,,2025,2025 National League Team Standings,Colorado Rockies,,,,,28.5,,,13,57,0,.186
,,,,,2025,2025 National League Team Standings,N.L.,,,,,WP,GB,,Team | Roster,W,L,T
,,,,,2025,2025 National League Team Standings,2025 National League Standings,,,,,,,,,,,
